-54,30,HEvD+grG7uDdDaoqDDl3oUBMAH0=,/cjaKyRHwgrWDEh108UiOpCvLWQ=
-55,30,HEvD+grG7uDdDaoqDDl3oUBMAH0=,7tRfBk4v0rfq0LCrcYmRVxw4fKM=
-55,29,HEvD+grG7uDdDaoqDDl3oUBMAH0=,qYBDYV08BnryYkpZoelynmR8wto=
-54,29,HEvD+grG7uDdDaoqDDl3oUBMAH0=,YgntU6h7Y3+oyGadAZro0yhQtvg=
-55,27,HEvD+grG7uDdDaoqDDl3oUBMAH0=,KS+BD2zmNpZQGA7hRo3iSk5P0ZQ=
-54,27,HEvD+grG7uDdDaoqDDl3oUBMAH0=,ODd34stq6BRbP63wDrleO+hYjzM=
-54,28,HEvD+grG7uDdDaoqDDl3oUBMAH0=,YgntU6h7Y3+oyGadAZro0yhQtvg=
-55,28,HEvD+grG7uDdDaoqDDl3oUBMAH0=,qYBDYV08BnryYkpZoelynmR8wto=
-49,26,HEvD+grG7uDdDaoqDDl3oUBMAH0=,Gg9VEQ+WvpPvwpZuo33JFqcLJMc=
-51,26,HEvD+grG7uDdDaoqDDl3oUBMAH0=,kjzlaRlBBZ2+g9thjDRxFznt5s0=
-50,26,HEvD+grG7uDdDaoqDDl3oUBMAH0=,Gg9VEQ+WvpPvwpZuo33JFqcLJMc=
-52,30,HEvD+grG7uDdDaoqDDl3oUBMAH0=,KLCLNyl0vh0dfbl1YO6+ZOEXB8Q=
-53,28,HEvD+grG7uDdDaoqDDl3oUBMAH0=,YgntU6h7Y3+oyGadAZro0yhQtvg=
-52,28,HEvD+grG7uDdDaoqDDl3oUBMAH0=,P8NByFbfSmPB3ABJYGM7TOTM9IQ=
-53,30,HEvD+grG7uDdDaoqDDl3oUBMAH0=,/cjaKyRHwgrWDEh108UiOpCvLWQ=
-53,27,HEvD+grG7uDdDaoqDDl3oUBMAH0=,ODd34stq6BRbP63wDrleO+hYjzM=
-52,27,HEvD+grG7uDdDaoqDDl3oUBMAH0=,kjzlaRlBBZ2+g9thjDRxFznt5s0=
-52,29,HEvD+grG7uDdDaoqDDl3oUBMAH0=,P8NByFbfSmPB3ABJYGM7TOTM9IQ=
-53,29,HEvD+grG7uDdDaoqDDl3oUBMAH0=,YgntU6h7Y3+oyGadAZro0yhQtvg=
-53,25,HEvD+grG7uDdDaoqDDl3oUBMAH0=,vjXi4AJeKDcx/QLtMSTTk1DU0RI=
-52,26,HEvD+grG7uDdDaoqDDl3oUBMAH0=,kjzlaRlBBZ2+g9thjDRxFznt5s0=
-53,26,HEvD+grG7uDdDaoqDDl3oUBMAH0=,ODd34stq6BRbP63wDrleO+hYjzM=
-50,22,HEvD+grG7uDdDaoqDDl3oUBMAH0=,jJeklSuf3g+3yYChwLg+Viy7h4s=
-50,21,HEvD+grG7uDdDaoqDDl3oUBMAH0=,xSxuPRUyrGz9guINy5HR7U47vo4=
-51,22,HEvD+grG7uDdDaoqDDl3oUBMAH0=,t6NzYc4iZ7fpx8KSJLe1IA0RR4M=
-53,24,HEvD+grG7uDdDaoqDDl3oUBMAH0=,vjXi4AJeKDcx/QLtMSTTk1DU0RI=
-51,23,HEvD+grG7uDdDaoqDDl3oUBMAH0=,t6NzYc4iZ7fpx8KSJLe1IA0RR4M=
-50,23,HEvD+grG7uDdDaoqDDl3oUBMAH0=,jJeklSuf3g+3yYChwLg+Viy7h4s=
-52,23,HEvD+grG7uDdDaoqDDl3oUBMAH0=,t6NzYc4iZ7fpx8KSJLe1IA0RR4M=
-53,23,HEvD+grG7uDdDaoqDDl3oUBMAH0=,w3kUDXeRWMiWFc/Cz1Ag6KC3Bn0=
-55,26,HEvD+grG7uDdDaoqDDl3oUBMAH0=,KS+BD2zmNpZQGA7hRo3iSk5P0ZQ=
-54,25,HEvD+grG7uDdDaoqDDl3oUBMAH0=,vjXi4AJeKDcx/QLtMSTTk1DU0RI=
-54,26,HEvD+grG7uDdDaoqDDl3oUBMAH0=,ODd34stq6BRbP63wDrleO+hYjzM=
-55,25,HEvD+grG7uDdDaoqDDl3oUBMAH0=,IJ4Ymr4irtr3XZQF+EXPwm4XJsQ=
-55,24,HEvD+grG7uDdDaoqDDl3oUBMAH0=,IJ4Ymr4irtr3XZQF+EXPwm4XJsQ=
-54,24,HEvD+grG7uDdDaoqDDl3oUBMAH0=,vjXi4AJeKDcx/QLtMSTTk1DU0RI=
-55,23,HEvD+grG7uDdDaoqDDl3oUBMAH0=,ARW7aq7Gv6ErQb3M+O2n9pb2lEU=
-54,23,HEvD+grG7uDdDaoqDDl3oUBMAH0=,w3kUDXeRWMiWFc/Cz1Ag6KC3Bn0=
-51,27,SO/cLHYFCUfal8tJgNRf3+fZe9I=,kjzlaRlBBZ2+g9thjDRxFznt5s0=
-49,27,SO/cLHYFCUfal8tJgNRf3+fZe9I=,Gg9VEQ+WvpPvwpZuo33JFqcLJMc=
-51,30,SO/cLHYFCUfal8tJgNRf3+fZe9I=,KLCLNyl0vh0dfbl1YO6+ZOEXB8Q=
-50,30,SO/cLHYFCUfal8tJgNRf3+fZe9I=,R4sKxsCTb4S5gaDHMOhd4HWbz38=
-49,29,SO/cLHYFCUfal8tJgNRf3+fZe9I=,fRkz+HRitl/+EEk9IlcP/5jWLjk=
-50,27,SO/cLHYFCUfal8tJgNRf3+fZe9I=,Gg9VEQ+WvpPvwpZuo33JFqcLJMc=
-49,30,SO/cLHYFCUfal8tJgNRf3+fZe9I=,R4sKxsCTb4S5gaDHMOhd4HWbz38=
-51,29,SO/cLHYFCUfal8tJgNRf3+fZe9I=,P8NByFbfSmPB3ABJYGM7TOTM9IQ=
-50,29,SO/cLHYFCUfal8tJgNRf3+fZe9I=,fRkz+HRitl/+EEk9IlcP/5jWLjk=
-50,28,SO/cLHYFCUfal8tJgNRf3+fZe9I=,fRkz+HRitl/+EEk9IlcP/5jWLjk=
-49,28,SO/cLHYFCUfal8tJgNRf3+fZe9I=,fRkz+HRitl/+EEk9IlcP/5jWLjk=
-51,28,SO/cLHYFCUfal8tJgNRf3+fZe9I=,P8NByFbfSmPB3ABJYGM7TOTM9IQ=
-56,24,SO/cLHYFCUfal8tJgNRf3+fZe9I=,IJ4Ymr4irtr3XZQF+EXPwm4XJsQ=
-57,23,SO/cLHYFCUfal8tJgNRf3+fZe9I=,GimQgTd6YWLNnY7H4jqQxKNJNfE=
-57,24,SO/cLHYFCUfal8tJgNRf3+fZe9I=,qR8I7oyt7hS2oM71yXj8TiHBR3A=
-56,23,SO/cLHYFCUfal8tJgNRf3+fZe9I=,ARW7aq7Gv6ErQb3M+O2n9pb2lEU=
-59,24,SO/cLHYFCUfal8tJgNRf3+fZe9I=,L3+2q3GRvF585la+ob0UZgUdF0M=
-58,24,SO/cLHYFCUfal8tJgNRf3+fZe9I=,qR8I7oyt7hS2oM71yXj8TiHBR3A=
-59,23,SO/cLHYFCUfal8tJgNRf3+fZe9I=,Oxwr4D+8cj0qZuFvgRgFrUJDsRw=
-58,23,SO/cLHYFCUfal8tJgNRf3+fZe9I=,GimQgTd6YWLNnY7H4jqQxKNJNfE=
-56,26,SO/cLHYFCUfal8tJgNRf3+fZe9I=,KS+BD2zmNpZQGA7hRo3iSk5P0ZQ=
-57,25,SO/cLHYFCUfal8tJgNRf3+fZe9I=,qR8I7oyt7hS2oM71yXj8TiHBR3A=
-59,26,SO/cLHYFCUfal8tJgNRf3+fZe9I=,KBSQG0uzTpSeiWiO50h3s1DdjB4=
-56,27,SO/cLHYFCUfal8tJgNRf3+fZe9I=,KS+BD2zmNpZQGA7hRo3iSk5P0ZQ=
-56,25,SO/cLHYFCUfal8tJgNRf3+fZe9I=,IJ4Ymr4irtr3XZQF+EXPwm4XJsQ=
-59,25,SO/cLHYFCUfal8tJgNRf3+fZe9I=,L3+2q3GRvF585la+ob0UZgUdF0M=
-64,25,SO/cLHYFCUfal8tJgNRf3+fZe9I=,m1v31sJRYBkLk27R0Bep8sATuTM=
-55,31,SO/cLHYFCUfal8tJgNRf3+fZe9I=,7tRfBk4v0rfq0LCrcYmRVxw4fKM=
-54,31,SO/cLHYFCUfal8tJgNRf3+fZe9I=,/cjaKyRHwgrWDEh108UiOpCvLWQ=
-56,28,SO/cLHYFCUfal8tJgNRf3+fZe9I=,qYBDYV08BnryYkpZoelynmR8wto=
-59,27,SO/cLHYFCUfal8tJgNRf3+fZe9I=,KBSQG0uzTpSeiWiO50h3s1DdjB4=
-52,31,SO/cLHYFCUfal8tJgNRf3+fZe9I=,KLCLNyl0vh0dfbl1YO6+ZOEXB8Q=
-53,31,SO/cLHYFCUfal8tJgNRf3+fZe9I=,/cjaKyRHwgrWDEh108UiOpCvLWQ=
-50,31,SO/cLHYFCUfal8tJgNRf3+fZe9I=,R4sKxsCTb4S5gaDHMOhd4HWbz38=
-56,22,SO/cLHYFCUfal8tJgNRf3+fZe9I=,ARW7aq7Gv6ErQb3M+O2n9pb2lEU=
-51,31,SO/cLHYFCUfal8tJgNRf3+fZe9I=,KLCLNyl0vh0dfbl1YO6+ZOEXB8Q=
-57,22,SO/cLHYFCUfal8tJgNRf3+fZe9I=,GimQgTd6YWLNnY7H4jqQxKNJNfE=
-58,25,SO/cLHYFCUfal8tJgNRf3+fZe9I=,qR8I7oyt7hS2oM71yXj8TiHBR3A=
-49,31,SO/cLHYFCUfal8tJgNRf3+fZe9I=,R4sKxsCTb4S5gaDHMOhd4HWbz38=
-49,23,SO/cLHYFCUfal8tJgNRf3+fZe9I=,jJeklSuf3g+3yYChwLg+Viy7h4s=
-53,22,SO/cLHYFCUfal8tJgNRf3+fZe9I=,w3kUDXeRWMiWFc/Cz1Ag6KC3Bn0=
-54,22,SO/cLHYFCUfal8tJgNRf3+fZe9I=,w3kUDXeRWMiWFc/Cz1Ag6KC3Bn0=
-58,22,SO/cLHYFCUfal8tJgNRf3+fZe9I=,GimQgTd6YWLNnY7H4jqQxKNJNfE=
-59,22,SO/cLHYFCUfal8tJgNRf3+fZe9I=,Oxwr4D+8cj0qZuFvgRgFrUJDsRw=
-49,20,SO/cLHYFCUfal8tJgNRf3+fZe9I=,xSxuPRUyrGz9guINy5HR7U47vo4=
-50,20,SO/cLHYFCUfal8tJgNRf3+fZe9I=,xSxuPRUyrGz9guINy5HR7U47vo4=
-60,27,SO/cLHYFCUfal8tJgNRf3+fZe9I=,KBSQG0uzTpSeiWiO50h3s1DdjB4=
-49,22,SO/cLHYFCUfal8tJgNRf3+fZe9I=,jJeklSuf3g+3yYChwLg+Viy7h4s=
-55,22,SO/cLHYFCUfal8tJgNRf3+fZe9I=,ARW7aq7Gv6ErQb3M+O2n9pb2lEU=
-52,22,SO/cLHYFCUfal8tJgNRf3+fZe9I=,t6NzYc4iZ7fpx8KSJLe1IA0RR4M=
-61,22,SO/cLHYFCUfal8tJgNRf3+fZe9I=,xzianH2UkKvcc9yDaM1q92LW3eg=
-60,22,SO/cLHYFCUfal8tJgNRf3+fZe9I=,Oxwr4D+8cj0qZuFvgRgFrUJDsRw=
-63,25,SO/cLHYFCUfal8tJgNRf3+fZe9I=,m1v31sJRYBkLk27R0Bep8sATuTM=
-62,25,SO/cLHYFCUfal8tJgNRf3+fZe9I=,7huIBxPOWzdnm1jO2J25mCvkXtc=
-60,26,SO/cLHYFCUfal8tJgNRf3+fZe9I=,KBSQG0uzTpSeiWiO50h3s1DdjB4=
-49,21,SO/cLHYFCUfal8tJgNRf3+fZe9I=,xSxuPRUyrGz9guINy5HR7U47vo4=
-61,25,SO/cLHYFCUfal8tJgNRf3+fZe9I=,7huIBxPOWzdnm1jO2J25mCvkXtc=
-60,24,SO/cLHYFCUfal8tJgNRf3+fZe9I=,L3+2q3GRvF585la+ob0UZgUdF0M=
-60,25,SO/cLHYFCUfal8tJgNRf3+fZe9I=,L3+2q3GRvF585la+ob0UZgUdF0M=
-61,23,SO/cLHYFCUfal8tJgNRf3+fZe9I=,xzianH2UkKvcc9yDaM1q92LW3eg=
-60,23,SO/cLHYFCUfal8tJgNRf3+fZe9I=,Oxwr4D+8cj0qZuFvgRgFrUJDsRw=
-58,31,SO/cLHYFCUfal8tJgNRf3+fZe9I=,g58GdCqB4ZrA2wbM32i1rolG4zA=
-56,31,SO/cLHYFCUfal8tJgNRf3+fZe9I=,7tRfBk4v0rfq0LCrcYmRVxw4fKM=
-57,31,SO/cLHYFCUfal8tJgNRf3+fZe9I=,g58GdCqB4ZrA2wbM32i1rolG4zA=
-56,30,SO/cLHYFCUfal8tJgNRf3+fZe9I=,7tRfBk4v0rfq0LCrcYmRVxw4fKM=
-58,30,SO/cLHYFCUfal8tJgNRf3+fZe9I=,g58GdCqB4ZrA2wbM32i1rolG4zA=
-61,24,SO/cLHYFCUfal8tJgNRf3+fZe9I=,7huIBxPOWzdnm1jO2J25mCvkXtc=
-56,29,SO/cLHYFCUfal8tJgNRf3+fZe9I=,qYBDYV08BnryYkpZoelynmR8wto=
-62,22,SO/cLHYFCUfal8tJgNRf3+fZe9I=,xzianH2UkKvcc9yDaM1q92LW3eg=
-57,30,SO/cLHYFCUfal8tJgNRf3+fZe9I=,g58GdCqB4ZrA2wbM32i1rolG4zA=
-64,24,SO/cLHYFCUfal8tJgNRf3+fZe9I=,m1v31sJRYBkLk27R0Bep8sATuTM=
-63,22,SO/cLHYFCUfal8tJgNRf3+fZe9I=,Xl0yHbJo6LCCnWJVqynFGo04MfE=
-64,22,SO/cLHYFCUfal8tJgNRf3+fZe9I=,Xl0yHbJo6LCCnWJVqynFGo04MfE=
-62,23,SO/cLHYFCUfal8tJgNRf3+fZe9I=,xzianH2UkKvcc9yDaM1q92LW3eg=
-63,23,SO/cLHYFCUfal8tJgNRf3+fZe9I=,Xl0yHbJo6LCCnWJVqynFGo04MfE=
-63,24,SO/cLHYFCUfal8tJgNRf3+fZe9I=,m1v31sJRYBkLk27R0Bep8sATuTM=
-64,23,SO/cLHYFCUfal8tJgNRf3+fZe9I=,Xl0yHbJo6LCCnWJVqynFGo04MfE=
-62,24,SO/cLHYFCUfal8tJgNRf3+fZe9I=,7huIBxPOWzdnm1jO2J25mCvkXtc=
-58,3,SO/cLHYFCUfal8tJgNRf3+fZe9I=,VDZQucuhx59kPbL2pASfboMs6JQ=
-58,4,SO/cLHYFCUfal8tJgNRf3+fZe9I=,tlu6U7btgekiUTD8M7omqSs8jC4=
-59,3,SO/cLHYFCUfal8tJgNRf3+fZe9I=,TbQGhqGFW6wHltdkkWMe9SSmNKU=
-60,1,SO/cLHYFCUfal8tJgNRf3+fZe9I=,tZjNNONoSQSXBGi/MCmWw5EACNg=
-61,2,SO/cLHYFCUfal8tJgNRf3+fZe9I=,nNhNHuJ+lHIGh2E3XuadyQJDjXw=
-61,1,SO/cLHYFCUfal8tJgNRf3+fZe9I=,53hTf37m8yqGUwcq7dNUnFrApkM=
-60,2,SO/cLHYFCUfal8tJgNRf3+fZe9I=,TbQGhqGFW6wHltdkkWMe9SSmNKU=
-59,1,SO/cLHYFCUfal8tJgNRf3+fZe9I=,tZjNNONoSQSXBGi/MCmWw5EACNg=
-56,2,SO/cLHYFCUfal8tJgNRf3+fZe9I=,1OOO2UAFje5RhzbdhLVKWZCoaTo=
-59,2,SO/cLHYFCUfal8tJgNRf3+fZe9I=,TbQGhqGFW6wHltdkkWMe9SSmNKU=
-58,1,SO/cLHYFCUfal8tJgNRf3+fZe9I=,8aoG0oQiclRxH0I6fRhI3GzKViI=
-56,1,SO/cLHYFCUfal8tJgNRf3+fZe9I=,1MMFiJUOro6o7NI956Jo2k83AaM=
-57,2,SO/cLHYFCUfal8tJgNRf3+fZe9I=,VDZQucuhx59kPbL2pASfboMs6JQ=
-58,2,SO/cLHYFCUfal8tJgNRf3+fZe9I=,VDZQucuhx59kPbL2pASfboMs6JQ=
-57,1,SO/cLHYFCUfal8tJgNRf3+fZe9I=,8aoG0oQiclRxH0I6fRhI3GzKViI=
-61,0,SO/cLHYFCUfal8tJgNRf3+fZe9I=,53hTf37m8yqGUwcq7dNUnFrApkM=
-56,0,SO/cLHYFCUfal8tJgNRf3+fZe9I=,1MMFiJUOro6o7NI956Jo2k83AaM=
-60,0,SO/cLHYFCUfal8tJgNRf3+fZe9I=,tZjNNONoSQSXBGi/MCmWw5EACNg=
-59,0,SO/cLHYFCUfal8tJgNRf3+fZe9I=,tZjNNONoSQSXBGi/MCmWw5EACNg=
-57,0,SO/cLHYFCUfal8tJgNRf3+fZe9I=,8aoG0oQiclRxH0I6fRhI3GzKViI=
-49,2,SO/cLHYFCUfal8tJgNRf3+fZe9I=,bgyld1w/eI5YBbLhFRNP2gbxDFA=
-49,1,SO/cLHYFCUfal8tJgNRf3+fZe9I=,fJWdVSphR06fYbyIL3yAlcTGlFA=
-58,0,SO/cLHYFCUfal8tJgNRf3+fZe9I=,8aoG0oQiclRxH0I6fRhI3GzKViI=
-49,0,SO/cLHYFCUfal8tJgNRf3+fZe9I=,fJWdVSphR06fYbyIL3yAlcTGlFA=
-61,3,SO/cLHYFCUfal8tJgNRf3+fZe9I=,nNhNHuJ+lHIGh2E3XuadyQJDjXw=
-61,5,SO/cLHYFCUfal8tJgNRf3+fZe9I=,xM8wa+iEgJfX3P8qGccRcPAC1Kg=
-60,3,SO/cLHYFCUfal8tJgNRf3+fZe9I=,TbQGhqGFW6wHltdkkWMe9SSmNKU=
-62,5,SO/cLHYFCUfal8tJgNRf3+fZe9I=,xM8wa+iEgJfX3P8qGccRcPAC1Kg=
-61,4,SO/cLHYFCUfal8tJgNRf3+fZe9I=,xM8wa+iEgJfX3P8qGccRcPAC1Kg=
-62,4,SO/cLHYFCUfal8tJgNRf3+fZe9I=,xM8wa+iEgJfX3P8qGccRcPAC1Kg=
-49,3,SO/cLHYFCUfal8tJgNRf3+fZe9I=,bgyld1w/eI5YBbLhFRNP2gbxDFA=
-49,4,SO/cLHYFCUfal8tJgNRf3+fZe9I=,8P2bAvNJoAWBxTyuXVu6lVV+LGU=
-62,3,SO/cLHYFCUfal8tJgNRf3+fZe9I=,nNhNHuJ+lHIGh2E3XuadyQJDjXw=
-55,2,SO/cLHYFCUfal8tJgNRf3+fZe9I=,1OOO2UAFje5RhzbdhLVKWZCoaTo=
-50,4,SO/cLHYFCUfal8tJgNRf3+fZe9I=,8P2bAvNJoAWBxTyuXVu6lVV+LGU=
-51,3,SO/cLHYFCUfal8tJgNRf3+fZe9I=,BcCeN9NyUpIDhtUAQDMGCDmHcw4=
-58,5,SO/cLHYFCUfal8tJgNRf3+fZe9I=,tlu6U7btgekiUTD8M7omqSs8jC4=
-62,0,SO/cLHYFCUfal8tJgNRf3+fZe9I=,53hTf37m8yqGUwcq7dNUnFrApkM=
-54,2,SO/cLHYFCUfal8tJgNRf3+fZe9I=,YhgHS/M3XmFydRBEbZnsCQfFp44=
-50,3,SO/cLHYFCUfal8tJgNRf3+fZe9I=,bgyld1w/eI5YBbLhFRNP2gbxDFA=
-62,1,SO/cLHYFCUfal8tJgNRf3+fZe9I=,53hTf37m8yqGUwcq7dNUnFrApkM=
-49,5,SO/cLHYFCUfal8tJgNRf3+fZe9I=,8P2bAvNJoAWBxTyuXVu6lVV+LGU=
-50,5,SO/cLHYFCUfal8tJgNRf3+fZe9I=,8P2bAvNJoAWBxTyuXVu6lVV+LGU=
-55,0,SO/cLHYFCUfal8tJgNRf3+fZe9I=,1MMFiJUOro6o7NI956Jo2k83AaM=
-62,2,SO/cLHYFCUfal8tJgNRf3+fZe9I=,nNhNHuJ+lHIGh2E3XuadyQJDjXw=
-55,1,SO/cLHYFCUfal8tJgNRf3+fZe9I=,1MMFiJUOro6o7NI956Jo2k83AaM=
-54,0,SO/cLHYFCUfal8tJgNRf3+fZe9I=,uszvvj8YyImGln1+wLbznbwVZ0Q=
-54,1,SO/cLHYFCUfal8tJgNRf3+fZe9I=,uszvvj8YyImGln1+wLbznbwVZ0Q=
-53,5,SO/cLHYFCUfal8tJgNRf3+fZe9I=,VZiL1uND607bY1HGgi6Sq72g9mY=
-53,3,SO/cLHYFCUfal8tJgNRf3+fZe9I=,YhgHS/M3XmFydRBEbZnsCQfFp44=
-53,4,SO/cLHYFCUfal8tJgNRf3+fZe9I=,VZiL1uND607bY1HGgi6Sq72g9mY=
-52,3,SO/cLHYFCUfal8tJgNRf3+fZe9I=,BcCeN9NyUpIDhtUAQDMGCDmHcw4=
-55,4,SO/cLHYFCUfal8tJgNRf3+fZe9I=,oIq2mYLhrXHUBA1usN8dm+Znii4=
-57,5,SO/cLHYFCUfal8tJgNRf3+fZe9I=,tlu6U7btgekiUTD8M7omqSs8jC4=
-56,3,SO/cLHYFCUfal8tJgNRf3+fZe9I=,1OOO2UAFje5RhzbdhLVKWZCoaTo=
-55,3,SO/cLHYFCUfal8tJgNRf3+fZe9I=,1OOO2UAFje5RhzbdhLVKWZCoaTo=
-54,3,SO/cLHYFCUfal8tJgNRf3+fZe9I=,YhgHS/M3XmFydRBEbZnsCQfFp44=
-56,5,SO/cLHYFCUfal8tJgNRf3+fZe9I=,oIq2mYLhrXHUBA1usN8dm+Znii4=
-57,3,SO/cLHYFCUfal8tJgNRf3+fZe9I=,VDZQucuhx59kPbL2pASfboMs6JQ=
-57,4,SO/cLHYFCUfal8tJgNRf3+fZe9I=,tlu6U7btgekiUTD8M7omqSs8jC4=
-54,5,SO/cLHYFCUfal8tJgNRf3+fZe9I=,VZiL1uND607bY1HGgi6Sq72g9mY=
-54,4,SO/cLHYFCUfal8tJgNRf3+fZe9I=,VZiL1uND607bY1HGgi6Sq72g9mY=
-56,4,SO/cLHYFCUfal8tJgNRf3+fZe9I=,oIq2mYLhrXHUBA1usN8dm+Znii4=
-51,2,SO/cLHYFCUfal8tJgNRf3+fZe9I=,BcCeN9NyUpIDhtUAQDMGCDmHcw4=
-55,5,SO/cLHYFCUfal8tJgNRf3+fZe9I=,oIq2mYLhrXHUBA1usN8dm+Znii4=
-50,2,SO/cLHYFCUfal8tJgNRf3+fZe9I=,bgyld1w/eI5YBbLhFRNP2gbxDFA=
-52,2,SO/cLHYFCUfal8tJgNRf3+fZe9I=,BcCeN9NyUpIDhtUAQDMGCDmHcw4=
-53,2,SO/cLHYFCUfal8tJgNRf3+fZe9I=,YhgHS/M3XmFydRBEbZnsCQfFp44=
-53,0,SO/cLHYFCUfal8tJgNRf3+fZe9I=,uszvvj8YyImGln1+wLbznbwVZ0Q=
-50,0,SO/cLHYFCUfal8tJgNRf3+fZe9I=,fJWdVSphR06fYbyIL3yAlcTGlFA=
-50,1,SO/cLHYFCUfal8tJgNRf3+fZe9I=,fJWdVSphR06fYbyIL3yAlcTGlFA=
-52,1,SO/cLHYFCUfal8tJgNRf3+fZe9I=,sDXV3Dav7cJWeazezev4IC//yBU=
-51,1,SO/cLHYFCUfal8tJgNRf3+fZe9I=,sDXV3Dav7cJWeazezev4IC//yBU=
-51,0,SO/cLHYFCUfal8tJgNRf3+fZe9I=,sDXV3Dav7cJWeazezev4IC//yBU=
-52,0,SO/cLHYFCUfal8tJgNRf3+fZe9I=,sDXV3Dav7cJWeazezev4IC//yBU=
-53,1,SO/cLHYFCUfal8tJgNRf3+fZe9I=,uszvvj8YyImGln1+wLbznbwVZ0Q=
-34,22,SO/cLHYFCUfal8tJgNRf3+fZe9I=,PAdKkVmbPeoZh1KbWksnHIJxlMA=
-34,21,SO/cLHYFCUfal8tJgNRf3+fZe9I=,2fhxD0TmT3tso3/tmiMSfxZGrQY=
-35,22,SO/cLHYFCUfal8tJgNRf3+fZe9I=,3gJGkCBkkFpjstH8LEQ/m9QhEVY=
-37,22,SO/cLHYFCUfal8tJgNRf3+fZe9I=,4Hs7wt59kX2gqXIFqtVcE/5/D7E=
-36,23,SO/cLHYFCUfal8tJgNRf3+fZe9I=,3gJGkCBkkFpjstH8LEQ/m9QhEVY=
-36,22,SO/cLHYFCUfal8tJgNRf3+fZe9I=,3gJGkCBkkFpjstH8LEQ/m9QhEVY=
-37,23,SO/cLHYFCUfal8tJgNRf3+fZe9I=,4Hs7wt59kX2gqXIFqtVcE/5/D7E=
-38,22,SO/cLHYFCUfal8tJgNRf3+fZe9I=,4Hs7wt59kX2gqXIFqtVcE/5/D7E=
-39,22,SO/cLHYFCUfal8tJgNRf3+fZe9I=,OYyy+9+CcHJDw7NKQM0WK5UX+oI=
-40,22,SO/cLHYFCUfal8tJgNRf3+fZe9I=,OYyy+9+CcHJDw7NKQM0WK5UX+oI=
-41,21,SO/cLHYFCUfal8tJgNRf3+fZe9I=,GHqiOg4h8HYQ2mmOL1c5nS63stE=
-41,22,SO/cLHYFCUfal8tJgNRf3+fZe9I=,RKQ1V9EFUE4dSX9TAOev6fW7PY8=
-43,22,SO/cLHYFCUfal8tJgNRf3+fZe9I=,vnlp2tmqXLROpbZscN4M5mppCQc=
-42,21,SO/cLHYFCUfal8tJgNRf3+fZe9I=,GHqiOg4h8HYQ2mmOL1c5nS63stE=
-42,22,SO/cLHYFCUfal8tJgNRf3+fZe9I=,RKQ1V9EFUE4dSX9TAOev6fW7PY8=
-43,21,SO/cLHYFCUfal8tJgNRf3+fZe9I=,cWJgDAniQ4i9So9xTumzpmwdRBA=
-45,22,SO/cLHYFCUfal8tJgNRf3+fZe9I=,kcYqy992O0l8aMi/YUDTqdhNywk=
-44,22,SO/cLHYFCUfal8tJgNRf3+fZe9I=,vnlp2tmqXLROpbZscN4M5mppCQc=
-44,21,SO/cLHYFCUfal8tJgNRf3+fZe9I=,cWJgDAniQ4i9So9xTumzpmwdRBA=
-45,21,SO/cLHYFCUfal8tJgNRf3+fZe9I=,9IUgaLArODgrx73xOXueiiziP8M=
-46,20,SO/cLHYFCUfal8tJgNRf3+fZe9I=,9IUgaLArODgrx73xOXueiiziP8M=
-46,22,SO/cLHYFCUfal8tJgNRf3+fZe9I=,kcYqy992O0l8aMi/YUDTqdhNywk=
-46,19,SO/cLHYFCUfal8tJgNRf3+fZe9I=,7elyjWQ22DSYSqff5gJ59tQHW94=
-46,21,SO/cLHYFCUfal8tJgNRf3+fZe9I=,9IUgaLArODgrx73xOXueiiziP8M=
-47,22,SO/cLHYFCUfal8tJgNRf3+fZe9I=,wjiAqIZD76Pi6NTtMrRLlCs2nGs=
-47,20,SO/cLHYFCUfal8tJgNRf3+fZe9I=,rXRg3t2v0hdIzqPr/StziZKiYMk=
-47,19,SO/cLHYFCUfal8tJgNRf3+fZe9I=,OQlhMQf2h1ZPUUx0gfsLtp/nxOI=
-47,21,SO/cLHYFCUfal8tJgNRf3+fZe9I=,rXRg3t2v0hdIzqPr/StziZKiYMk=
-42,19,SO/cLHYFCUfal8tJgNRf3+fZe9I=,sR7fGYGyzfn+g3hV9WEHlnzyaEo=
-44,20,SO/cLHYFCUfal8tJgNRf3+fZe9I=,cWJgDAniQ4i9So9xTumzpmwdRBA=
-43,19,SO/cLHYFCUfal8tJgNRf3+fZe9I=,k5xvVvZt8bssG0gc3zxKxFkSz2s=
-43,20,SO/cLHYFCUfal8tJgNRf3+fZe9I=,cWJgDAniQ4i9So9xTumzpmwdRBA=
-45,19,SO/cLHYFCUfal8tJgNRf3+fZe9I=,7elyjWQ22DSYSqff5gJ59tQHW94=
-45,20,SO/cLHYFCUfal8tJgNRf3+fZe9I=,9IUgaLArODgrx73xOXueiiziP8M=
-42,20,SO/cLHYFCUfal8tJgNRf3+fZe9I=,GHqiOg4h8HYQ2mmOL1c5nS63stE=
-44,19,SO/cLHYFCUfal8tJgNRf3+fZe9I=,k5xvVvZt8bssG0gc3zxKxFkSz2s=
-40,19,SO/cLHYFCUfal8tJgNRf3+fZe9I=,nfrNy1pSTO+r1/tBN06ZXMG13QM=
-41,19,SO/cLHYFCUfal8tJgNRf3+fZe9I=,sR7fGYGyzfn+g3hV9WEHlnzyaEo=
-41,20,SO/cLHYFCUfal8tJgNRf3+fZe9I=,GHqiOg4h8HYQ2mmOL1c5nS63stE=
-38,19,SO/cLHYFCUfal8tJgNRf3+fZe9I=,PjrVeqlkpO6+zYFvCg2CyTutWQE=
-39,19,SO/cLHYFCUfal8tJgNRf3+fZe9I=,nfrNy1pSTO+r1/tBN06ZXMG13QM=
-37,19,SO/cLHYFCUfal8tJgNRf3+fZe9I=,PjrVeqlkpO6+zYFvCg2CyTutWQE=
-42,18,SO/cLHYFCUfal8tJgNRf3+fZe9I=,sR7fGYGyzfn+g3hV9WEHlnzyaEo=
-45,17,SO/cLHYFCUfal8tJgNRf3+fZe9I=,NI42VOJzdJ23Ol3nst0bmvDqGLM=
-42,17,SO/cLHYFCUfal8tJgNRf3+fZe9I=,viSLk6kBVN0qbRYUjgzJomORzsY=
-45,18,SO/cLHYFCUfal8tJgNRf3+fZe9I=,7elyjWQ22DSYSqff5gJ59tQHW94=
-43,17,SO/cLHYFCUfal8tJgNRf3+fZe9I=,9S7UDZNtSwqiTZQZqBWqCUsUUzM=
-43,18,SO/cLHYFCUfal8tJgNRf3+fZe9I=,k5xvVvZt8bssG0gc3zxKxFkSz2s=
-44,17,SO/cLHYFCUfal8tJgNRf3+fZe9I=,9S7UDZNtSwqiTZQZqBWqCUsUUzM=
-44,18,SO/cLHYFCUfal8tJgNRf3+fZe9I=,k5xvVvZt8bssG0gc3zxKxFkSz2s=
-34,20,SO/cLHYFCUfal8tJgNRf3+fZe9I=,2fhxD0TmT3tso3/tmiMSfxZGrQY=
-35,17,SO/cLHYFCUfal8tJgNRf3+fZe9I=,RHIl8erklqs8zams2VmdU2KcZPA=
-36,17,SO/cLHYFCUfal8tJgNRf3+fZe9I=,RHIl8erklqs8zams2VmdU2KcZPA=
-34,17,SO/cLHYFCUfal8tJgNRf3+fZe9I=,VwpmbdXmKttWEn2dmTX+buxUqec=
-37,18,SO/cLHYFCUfal8tJgNRf3+fZe9I=,PjrVeqlkpO6+zYFvCg2CyTutWQE=
-36,16,SO/cLHYFCUfal8tJgNRf3+fZe9I=,RHIl8erklqs8zams2VmdU2KcZPA=
-37,17,SO/cLHYFCUfal8tJgNRf3+fZe9I=,24ERuZFJXZwYO0K91Z1gQZmbBrY=
-45,16,SO/cLHYFCUfal8tJgNRf3+fZe9I=,NI42VOJzdJ23Ol3nst0bmvDqGLM=
-35,23,SO/cLHYFCUfal8tJgNRf3+fZe9I=,3gJGkCBkkFpjstH8LEQ/m9QhEVY=
-34,23,SO/cLHYFCUfal8tJgNRf3+fZe9I=,PAdKkVmbPeoZh1KbWksnHIJxlMA=
-37,16,SO/cLHYFCUfal8tJgNRf3+fZe9I=,24ERuZFJXZwYO0K91Z1gQZmbBrY=
-33,17,SO/cLHYFCUfal8tJgNRf3+fZe9I=,VwpmbdXmKttWEn2dmTX+buxUqec=
-44,16,SO/cLHYFCUfal8tJgNRf3+fZe9I=,9S7UDZNtSwqiTZQZqBWqCUsUUzM=
-33,22,SO/cLHYFCUfal8tJgNRf3+fZe9I=,PAdKkVmbPeoZh1KbWksnHIJxlMA=
-43,16,SO/cLHYFCUfal8tJgNRf3+fZe9I=,9S7UDZNtSwqiTZQZqBWqCUsUUzM=
-41,17,SO/cLHYFCUfal8tJgNRf3+fZe9I=,viSLk6kBVN0qbRYUjgzJomORzsY=
-39,17,SO/cLHYFCUfal8tJgNRf3+fZe9I=,Cvj1bMnRjjpRRc3ODGFe5ecVLHQ=
-42,16,SO/cLHYFCUfal8tJgNRf3+fZe9I=,viSLk6kBVN0qbRYUjgzJomORzsY=
-40,16,SO/cLHYFCUfal8tJgNRf3+fZe9I=,Cvj1bMnRjjpRRc3ODGFe5ecVLHQ=
-38,17,SO/cLHYFCUfal8tJgNRf3+fZe9I=,24ERuZFJXZwYO0K91Z1gQZmbBrY=
-33,21,SO/cLHYFCUfal8tJgNRf3+fZe9I=,2fhxD0TmT3tso3/tmiMSfxZGrQY=
-39,18,SO/cLHYFCUfal8tJgNRf3+fZe9I=,nfrNy1pSTO+r1/tBN06ZXMG13QM=
-38,18,SO/cLHYFCUfal8tJgNRf3+fZe9I=,PjrVeqlkpO6+zYFvCg2CyTutWQE=
-34,16,SO/cLHYFCUfal8tJgNRf3+fZe9I=,VwpmbdXmKttWEn2dmTX+buxUqec=
-38,16,SO/cLHYFCUfal8tJgNRf3+fZe9I=,24ERuZFJXZwYO0K91Z1gQZmbBrY=
-33,20,SO/cLHYFCUfal8tJgNRf3+fZe9I=,2fhxD0TmT3tso3/tmiMSfxZGrQY=
-39,16,SO/cLHYFCUfal8tJgNRf3+fZe9I=,Cvj1bMnRjjpRRc3ODGFe5ecVLHQ=
-41,16,SO/cLHYFCUfal8tJgNRf3+fZe9I=,viSLk6kBVN0qbRYUjgzJomORzsY=
-33,16,SO/cLHYFCUfal8tJgNRf3+fZe9I=,VwpmbdXmKttWEn2dmTX+buxUqec=
-40,18,SO/cLHYFCUfal8tJgNRf3+fZe9I=,nfrNy1pSTO+r1/tBN06ZXMG13QM=
-41,18,SO/cLHYFCUfal8tJgNRf3+fZe9I=,sR7fGYGyzfn+g3hV9WEHlnzyaEo=
-35,16,SO/cLHYFCUfal8tJgNRf3+fZe9I=,RHIl8erklqs8zams2VmdU2KcZPA=
-40,17,SO/cLHYFCUfal8tJgNRf3+fZe9I=,Cvj1bMnRjjpRRc3ODGFe5ecVLHQ=
-44,27,SO/cLHYFCUfal8tJgNRf3+fZe9I=,PaJbA8JMbekmj5QDoVFvG+4cyAc=
-44,28,SO/cLHYFCUfal8tJgNRf3+fZe9I=,dzJD49/t5Gg5K9qd8rBJCxEnnhA=
-45,28,SO/cLHYFCUfal8tJgNRf3+fZe9I=,hP/1E8htrW9216QtuQsOdvpaeSs=
-45,27,SO/cLHYFCUfal8tJgNRf3+fZe9I=,arze5BdJ3h3XhZQymc26adyu0y8=
-43,29,SO/cLHYFCUfal8tJgNRf3+fZe9I=,dzJD49/t5Gg5K9qd8rBJCxEnnhA=
-33,23,SO/cLHYFCUfal8tJgNRf3+fZe9I=,PAdKkVmbPeoZh1KbWksnHIJxlMA=
-43,26,SO/cLHYFCUfal8tJgNRf3+fZe9I=,PaJbA8JMbekmj5QDoVFvG+4cyAc=
-43,28,SO/cLHYFCUfal8tJgNRf3+fZe9I=,dzJD49/t5Gg5K9qd8rBJCxEnnhA=
-43,27,SO/cLHYFCUfal8tJgNRf3+fZe9I=,PaJbA8JMbekmj5QDoVFvG+4cyAc=
-44,29,SO/cLHYFCUfal8tJgNRf3+fZe9I=,dzJD49/t5Gg5K9qd8rBJCxEnnhA=
-47,31,SO/cLHYFCUfal8tJgNRf3+fZe9I=,2BvKRlI5CW//5fzECmaLqG5FW8E=
-45,30,SO/cLHYFCUfal8tJgNRf3+fZe9I=,8VbQl6hOlHt66MPO8bjP9luKL9g=
-41,23,SO/cLHYFCUfal8tJgNRf3+fZe9I=,RKQ1V9EFUE4dSX9TAOev6fW7PY8=
-40,23,SO/cLHYFCUfal8tJgNRf3+fZe9I=,OYyy+9+CcHJDw7NKQM0WK5UX+oI=
-43,23,SO/cLHYFCUfal8tJgNRf3+fZe9I=,vnlp2tmqXLROpbZscN4M5mppCQc=
-45,31,SO/cLHYFCUfal8tJgNRf3+fZe9I=,8VbQl6hOlHt66MPO8bjP9luKL9g=
-38,23,SO/cLHYFCUfal8tJgNRf3+fZe9I=,4Hs7wt59kX2gqXIFqtVcE/5/D7E=
-45,29,SO/cLHYFCUfal8tJgNRf3+fZe9I=,hP/1E8htrW9216QtuQsOdvpaeSs=
-42,23,SO/cLHYFCUfal8tJgNRf3+fZe9I=,RKQ1V9EFUE4dSX9TAOev6fW7PY8=
-46,31,SO/cLHYFCUfal8tJgNRf3+fZe9I=,8VbQl6hOlHt66MPO8bjP9luKL9g=
-39,23,SO/cLHYFCUfal8tJgNRf3+fZe9I=,OYyy+9+CcHJDw7NKQM0WK5UX+oI=
-46,17,SO/cLHYFCUfal8tJgNRf3+fZe9I=,NI42VOJzdJ23Ol3nst0bmvDqGLM=
-48,26,SO/cLHYFCUfal8tJgNRf3+fZe9I=,1Itcpy79ZoYbKAGGO4bGDdBJ+do=
-47,18,SO/cLHYFCUfal8tJgNRf3+fZe9I=,OQlhMQf2h1ZPUUx0gfsLtp/nxOI=
-46,16,SO/cLHYFCUfal8tJgNRf3+fZe9I=,NI42VOJzdJ23Ol3nst0bmvDqGLM=
-48,18,SO/cLHYFCUfal8tJgNRf3+fZe9I=,OQlhMQf2h1ZPUUx0gfsLtp/nxOI=
-46,18,SO/cLHYFCUfal8tJgNRf3+fZe9I=,7elyjWQ22DSYSqff5gJ59tQHW94=
-48,19,SO/cLHYFCUfal8tJgNRf3+fZe9I=,OQlhMQf2h1ZPUUx0gfsLtp/nxOI=
-48,22,SO/cLHYFCUfal8tJgNRf3+fZe9I=,wjiAqIZD76Pi6NTtMrRLlCs2nGs=
-48,23,SO/cLHYFCUfal8tJgNRf3+fZe9I=,wjiAqIZD76Pi6NTtMrRLlCs2nGs=
-48,20,SO/cLHYFCUfal8tJgNRf3+fZe9I=,rXRg3t2v0hdIzqPr/StziZKiYMk=
-47,30,SO/cLHYFCUfal8tJgNRf3+fZe9I=,2BvKRlI5CW//5fzECmaLqG5FW8E=
-46,28,SO/cLHYFCUfal8tJgNRf3+fZe9I=,hP/1E8htrW9216QtuQsOdvpaeSs=
-48,27,SO/cLHYFCUfal8tJgNRf3+fZe9I=,1Itcpy79ZoYbKAGGO4bGDdBJ+do=
-48,31,SO/cLHYFCUfal8tJgNRf3+fZe9I=,2BvKRlI5CW//5fzECmaLqG5FW8E=
-47,27,SO/cLHYFCUfal8tJgNRf3+fZe9I=,1Itcpy79ZoYbKAGGO4bGDdBJ+do=
-46,27,SO/cLHYFCUfal8tJgNRf3+fZe9I=,arze5BdJ3h3XhZQymc26adyu0y8=
-46,29,SO/cLHYFCUfal8tJgNRf3+fZe9I=,hP/1E8htrW9216QtuQsOdvpaeSs=
-47,29,SO/cLHYFCUfal8tJgNRf3+fZe9I=,7gWzwRxYOJ0QdCiytdAandqVZJw=
-48,21,SO/cLHYFCUfal8tJgNRf3+fZe9I=,rXRg3t2v0hdIzqPr/StziZKiYMk=
-48,30,SO/cLHYFCUfal8tJgNRf3+fZe9I=,2BvKRlI5CW//5fzECmaLqG5FW8E=
-46,30,SO/cLHYFCUfal8tJgNRf3+fZe9I=,8VbQl6hOlHt66MPO8bjP9luKL9g=
-48,29,SO/cLHYFCUfal8tJgNRf3+fZe9I=,7gWzwRxYOJ0QdCiytdAandqVZJw=
-46,24,SO/cLHYFCUfal8tJgNRf3+fZe9I=,YB/ClSrN7dt/bRH9YL7P5kVoJec=
-46,25,SO/cLHYFCUfal8tJgNRf3+fZe9I=,YB/ClSrN7dt/bRH9YL7P5kVoJec=
-44,26,SO/cLHYFCUfal8tJgNRf3+fZe9I=,PaJbA8JMbekmj5QDoVFvG+4cyAc=
-47,28,SO/cLHYFCUfal8tJgNRf3+fZe9I=,7gWzwRxYOJ0QdCiytdAandqVZJw=
-47,26,SO/cLHYFCUfal8tJgNRf3+fZe9I=,1Itcpy79ZoYbKAGGO4bGDdBJ+do=
-48,28,SO/cLHYFCUfal8tJgNRf3+fZe9I=,7gWzwRxYOJ0QdCiytdAandqVZJw=
-47,23,SO/cLHYFCUfal8tJgNRf3+fZe9I=,wjiAqIZD76Pi6NTtMrRLlCs2nGs=
-45,25,SO/cLHYFCUfal8tJgNRf3+fZe9I=,YB/ClSrN7dt/bRH9YL7P5kVoJec=
-44,23,SO/cLHYFCUfal8tJgNRf3+fZe9I=,vnlp2tmqXLROpbZscN4M5mppCQc=
-45,26,SO/cLHYFCUfal8tJgNRf3+fZe9I=,arze5BdJ3h3XhZQymc26adyu0y8=
-45,24,SO/cLHYFCUfal8tJgNRf3+fZe9I=,YB/ClSrN7dt/bRH9YL7P5kVoJec=
-46,23,SO/cLHYFCUfal8tJgNRf3+fZe9I=,kcYqy992O0l8aMi/YUDTqdhNywk=
-46,26,SO/cLHYFCUfal8tJgNRf3+fZe9I=,arze5BdJ3h3XhZQymc26adyu0y8=
-45,23,SO/cLHYFCUfal8tJgNRf3+fZe9I=,kcYqy992O0l8aMi/YUDTqdhNywk=
-39,2,DpyksLtQS40EEDW644Rg+wQFPp8=,e8ybInTv4GZOS3vqbNb3FJYC9n0=
-38,2,DpyksLtQS40EEDW644Rg+wQFPp8=,Ydb0BpG4mfqpBubQRGHuHOApzhM=
-39,1,DpyksLtQS40EEDW644Rg+wQFPp8=,YfEDvxemzYlnE3cS91aRDrmkJoY=
-38,1,DpyksLtQS40EEDW644Rg+wQFPp8=,u1943lR7Q4Blu6HrBJ3f3oOFqWM=
-36,2,DpyksLtQS40EEDW644Rg+wQFPp8=,d+CSgsrczKqp4Z8Gy9o1EwstVcI=
-37,2,DpyksLtQS40EEDW644Rg+wQFPp8=,Ydb0BpG4mfqpBubQRGHuHOApzhM=
-36,1,DpyksLtQS40EEDW644Rg+wQFPp8=,9txHaj52LPI0YIJrxDVH/CqlB3U=
-37,1,DpyksLtQS40EEDW644Rg+wQFPp8=,u1943lR7Q4Blu6HrBJ3f3oOFqWM=
-35,2,DpyksLtQS40EEDW644Rg+wQFPp8=,d+CSgsrczKqp4Z8Gy9o1EwstVcI=
-34,1,DpyksLtQS40EEDW644Rg+wQFPp8=,NA6Lop7Lp6+2xaLxjzkKL2e9hJE=
-34,2,DpyksLtQS40EEDW644Rg+wQFPp8=,aTy4kDJSebaO5yx9jYlwUUYb2Q8=
-35,1,DpyksLtQS40EEDW644Rg+wQFPp8=,9txHaj52LPI0YIJrxDVH/CqlB3U=
-45,2,DpyksLtQS40EEDW644Rg+wQFPp8=,/Ho/PsMKrPrMGNJpBHNAEBI8stw=
-44,2,DpyksLtQS40EEDW644Rg+wQFPp8=,o4AZXx9soXPrTlq3eaxKaw0W4KA=
-44,1,DpyksLtQS40EEDW644Rg+wQFPp8=,uTmB9XIePlti0a1SpDXjr0B/kPU=
-45,1,DpyksLtQS40EEDW644Rg+wQFPp8=,7QCqZIPFTP/ZPLKaAiYBSu7HREQ=
-43,1,DpyksLtQS40EEDW644Rg+wQFPp8=,uTmB9XIePlti0a1SpDXjr0B/kPU=
-42,1,DpyksLtQS40EEDW644Rg+wQFPp8=,Z/6omdxfgzHUFN+Gjz73nuDT5X0=
-43,2,DpyksLtQS40EEDW644Rg+wQFPp8=,o4AZXx9soXPrTlq3eaxKaw0W4KA=
-42,2,DpyksLtQS40EEDW644Rg+wQFPp8=,5u0s16r7vFEaXop76qixPm2l/EY=
-40,2,DpyksLtQS40EEDW644Rg+wQFPp8=,e8ybInTv4GZOS3vqbNb3FJYC9n0=
-41,2,DpyksLtQS40EEDW644Rg+wQFPp8=,5u0s16r7vFEaXop76qixPm2l/EY=
-40,1,DpyksLtQS40EEDW644Rg+wQFPp8=,YfEDvxemzYlnE3cS91aRDrmkJoY=
-41,1,DpyksLtQS40EEDW644Rg+wQFPp8=,Z/6omdxfgzHUFN+Gjz73nuDT5X0=
-45,0,DpyksLtQS40EEDW644Rg+wQFPp8=,7QCqZIPFTP/ZPLKaAiYBSu7HREQ=
-42,0,DpyksLtQS40EEDW644Rg+wQFPp8=,Z/6omdxfgzHUFN+Gjz73nuDT5X0=
-43,0,DpyksLtQS40EEDW644Rg+wQFPp8=,uTmB9XIePlti0a1SpDXjr0B/kPU=
-40,0,DpyksLtQS40EEDW644Rg+wQFPp8=,YfEDvxemzYlnE3cS91aRDrmkJoY=
-44,0,DpyksLtQS40EEDW644Rg+wQFPp8=,uTmB9XIePlti0a1SpDXjr0B/kPU=
-38,0,DpyksLtQS40EEDW644Rg+wQFPp8=,u1943lR7Q4Blu6HrBJ3f3oOFqWM=
-39,0,DpyksLtQS40EEDW644Rg+wQFPp8=,YfEDvxemzYlnE3cS91aRDrmkJoY=
-41,0,DpyksLtQS40EEDW644Rg+wQFPp8=,Z/6omdxfgzHUFN+Gjz73nuDT5X0=
-37,0,DpyksLtQS40EEDW644Rg+wQFPp8=,u1943lR7Q4Blu6HrBJ3f3oOFqWM=
-33,1,DpyksLtQS40EEDW644Rg+wQFPp8=,NA6Lop7Lp6+2xaLxjzkKL2e9hJE=
-33,3,DpyksLtQS40EEDW644Rg+wQFPp8=,aTy4kDJSebaO5yx9jYlwUUYb2Q8=
-36,0,DpyksLtQS40EEDW644Rg+wQFPp8=,9txHaj52LPI0YIJrxDVH/CqlB3U=
-34,0,DpyksLtQS40EEDW644Rg+wQFPp8=,NA6Lop7Lp6+2xaLxjzkKL2e9hJE=
-33,0,DpyksLtQS40EEDW644Rg+wQFPp8=,NA6Lop7Lp6+2xaLxjzkKL2e9hJE=
-33,2,DpyksLtQS40EEDW644Rg+wQFPp8=,aTy4kDJSebaO5yx9jYlwUUYb2Q8=
-46,1,DpyksLtQS40EEDW644Rg+wQFPp8=,7QCqZIPFTP/ZPLKaAiYBSu7HREQ=
-35,0,DpyksLtQS40EEDW644Rg+wQFPp8=,9txHaj52LPI0YIJrxDVH/CqlB3U=
-46,2,DpyksLtQS40EEDW644Rg+wQFPp8=,/Ho/PsMKrPrMGNJpBHNAEBI8stw=
-48,1,DpyksLtQS40EEDW644Rg+wQFPp8=,SxtCnA8jI/SlrFN0wDJ/sk1Bsh4=
-47,1,DpyksLtQS40EEDW644Rg+wQFPp8=,SxtCnA8jI/SlrFN0wDJ/sk1Bsh4=
-46,0,DpyksLtQS40EEDW644Rg+wQFPp8=,7QCqZIPFTP/ZPLKaAiYBSu7HREQ=
-47,0,DpyksLtQS40EEDW644Rg+wQFPp8=,SxtCnA8jI/SlrFN0wDJ/sk1Bsh4=
-47,4,DpyksLtQS40EEDW644Rg+wQFPp8=,HSs3cKd4gmCg0HOWXxfFp6KfpbU=
-46,3,DpyksLtQS40EEDW644Rg+wQFPp8=,/Ho/PsMKrPrMGNJpBHNAEBI8stw=
-45,12,DpyksLtQS40EEDW644Rg+wQFPp8=,ZW7CYtVaAA1AkMj/lJLUK6QSECw=
-44,11,DpyksLtQS40EEDW644Rg+wQFPp8=,BnjXATP8v1Vz1l6O0aYLhDTflGs=
-44,12,DpyksLtQS40EEDW644Rg+wQFPp8=,ntLwthZ6k0I1DWQv082vieUFCq8=
-45,11,DpyksLtQS40EEDW644Rg+wQFPp8=,iAh7XeXap/VJP8J0IzWbfUXYlBY=
-42,11,DpyksLtQS40EEDW644Rg+wQFPp8=,eSt1rDbyjf0HxNDJifckv4J4rmk=
-43,11,DpyksLtQS40EEDW644Rg+wQFPp8=,BnjXATP8v1Vz1l6O0aYLhDTflGs=
-43,12,DpyksLtQS40EEDW644Rg+wQFPp8=,ntLwthZ6k0I1DWQv082vieUFCq8=
-42,12,DpyksLtQS40EEDW644Rg+wQFPp8=,d1WX3SS9xx/cjDL2QHF/QvYkOKY=
-41,11,DpyksLtQS40EEDW644Rg+wQFPp8=,eSt1rDbyjf0HxNDJifckv4J4rmk=
-40,11,DpyksLtQS40EEDW644Rg+wQFPp8=,yP0BIXOOur0H88zUm/RHjkuIn1k=
-40,12,DpyksLtQS40EEDW644Rg+wQFPp8=,jSZgpyiMVKfvklFksPd5iz7K7Nk=
-41,12,DpyksLtQS40EEDW644Rg+wQFPp8=,d1WX3SS9xx/cjDL2QHF/QvYkOKY=
-42,13,DpyksLtQS40EEDW644Rg+wQFPp8=,d1WX3SS9xx/cjDL2QHF/QvYkOKY=
-43,13,DpyksLtQS40EEDW644Rg+wQFPp8=,ntLwthZ6k0I1DWQv082vieUFCq8=
-43,14,DpyksLtQS40EEDW644Rg+wQFPp8=,s3l/hoa69liFc7+uucmkfQS18Ws=
-42,14,DpyksLtQS40EEDW644Rg+wQFPp8=,vGhwWOE1f9/Gxz44vNtXqaZh0SM=
-40,13,DpyksLtQS40EEDW644Rg+wQFPp8=,jSZgpyiMVKfvklFksPd5iz7K7Nk=
-41,13,DpyksLtQS40EEDW644Rg+wQFPp8=,d1WX3SS9xx/cjDL2QHF/QvYkOKY=
-40,14,DpyksLtQS40EEDW644Rg+wQFPp8=,3qxZWcUbPfeqMG+2NDVNG3XH7uk=
-41,14,DpyksLtQS40EEDW644Rg+wQFPp8=,vGhwWOE1f9/Gxz44vNtXqaZh0SM=
-39,13,DpyksLtQS40EEDW644Rg+wQFPp8=,jSZgpyiMVKfvklFksPd5iz7K7Nk=
-38,14,DpyksLtQS40EEDW644Rg+wQFPp8=,3jjTTRcpbQIbTLzUC2KtnFr/8Qw=
-39,14,DpyksLtQS40EEDW644Rg+wQFPp8=,3qxZWcUbPfeqMG+2NDVNG3XH7uk=
-38,13,DpyksLtQS40EEDW644Rg+wQFPp8=,tJaAsMOSPs4zunIJ3T2mAZjz+G8=
-37,13,DpyksLtQS40EEDW644Rg+wQFPp8=,tJaAsMOSPs4zunIJ3T2mAZjz+G8=
-37,14,DpyksLtQS40EEDW644Rg+wQFPp8=,3jjTTRcpbQIbTLzUC2KtnFr/8Qw=
-36,14,DpyksLtQS40EEDW644Rg+wQFPp8=,E0voEmuh0DvpgPqz2SjsqvapKWs=
-36,13,DpyksLtQS40EEDW644Rg+wQFPp8=,1sj5LFbKpw8BKgFMDC6MAcA1RU0=
-35,11,DpyksLtQS40EEDW644Rg+wQFPp8=,Poov+N/txG83Prq1Ykcv2ZBM2XY=
-34,11,DpyksLtQS40EEDW644Rg+wQFPp8=,qpTrTs8m1uk+gnSPclUJXyCNP0A=
-34,12,DpyksLtQS40EEDW644Rg+wQFPp8=,5Bao4BBQV5Bolp2WfHdU24gHM0Q=
-35,12,DpyksLtQS40EEDW644Rg+wQFPp8=,1sj5LFbKpw8BKgFMDC6MAcA1RU0=
-41,10,DpyksLtQS40EEDW644Rg+wQFPp8=,eSt1rDbyjf0HxNDJifckv4J4rmk=
-40,10,DpyksLtQS40EEDW644Rg+wQFPp8=,yP0BIXOOur0H88zUm/RHjkuIn1k=
-35,3,DpyksLtQS40EEDW644Rg+wQFPp8=,d+CSgsrczKqp4Z8Gy9o1EwstVcI=
-34,3,DpyksLtQS40EEDW644Rg+wQFPp8=,aTy4kDJSebaO5yx9jYlwUUYb2Q8=
-40,9,DpyksLtQS40EEDW644Rg+wQFPp8=,mGcBdcXSB2oTTSFyme7pZeRjqes=
-36,3,DpyksLtQS40EEDW644Rg+wQFPp8=,d+CSgsrczKqp4Z8Gy9o1EwstVcI=
-37,4,DpyksLtQS40EEDW644Rg+wQFPp8=,V3WhC+lK1pWwR52r5HZMpN8AAfQ=
-37,3,DpyksLtQS40EEDW644Rg+wQFPp8=,Ydb0BpG4mfqpBubQRGHuHOApzhM=
-38,3,DpyksLtQS40EEDW644Rg+wQFPp8=,Ydb0BpG4mfqpBubQRGHuHOApzhM=
-38,7,DpyksLtQS40EEDW644Rg+wQFPp8=,5cTg+fFKnsvFR+9Uwn/gDg+y2UQ=
-45,3,DpyksLtQS40EEDW644Rg+wQFPp8=,/Ho/PsMKrPrMGNJpBHNAEBI8stw=
-44,3,DpyksLtQS40EEDW644Rg+wQFPp8=,o4AZXx9soXPrTlq3eaxKaw0W4KA=
-40,8,DpyksLtQS40EEDW644Rg+wQFPp8=,mGcBdcXSB2oTTSFyme7pZeRjqes=
-38,4,DpyksLtQS40EEDW644Rg+wQFPp8=,V3WhC+lK1pWwR52r5HZMpN8AAfQ=
-39,3,DpyksLtQS40EEDW644Rg+wQFPp8=,e8ybInTv4GZOS3vqbNb3FJYC9n0=
-38,6,DpyksLtQS40EEDW644Rg+wQFPp8=,5cTg+fFKnsvFR+9Uwn/gDg+y2UQ=
-39,5,DpyksLtQS40EEDW644Rg+wQFPp8=,4KZkFJWSr3yMbGHW8PY96LM2YK0=
-39,8,DpyksLtQS40EEDW644Rg+wQFPp8=,mGcBdcXSB2oTTSFyme7pZeRjqes=
-38,5,DpyksLtQS40EEDW644Rg+wQFPp8=,V3WhC+lK1pWwR52r5HZMpN8AAfQ=
-34,10,DpyksLtQS40EEDW644Rg+wQFPp8=,qpTrTs8m1uk+gnSPclUJXyCNP0A=
-39,4,DpyksLtQS40EEDW644Rg+wQFPp8=,4KZkFJWSr3yMbGHW8PY96LM2YK0=
-35,9,DpyksLtQS40EEDW644Rg+wQFPp8=,+q2Vk1r8MVVwg08IpISbwAeMSew=
-35,10,DpyksLtQS40EEDW644Rg+wQFPp8=,Poov+N/txG83Prq1Ykcv2ZBM2XY=
-38,8,DpyksLtQS40EEDW644Rg+wQFPp8=,/whKavFprOT0NftFE+FL7MhIEm0=
-33,11,DpyksLtQS40EEDW644Rg+wQFPp8=,qpTrTs8m1uk+gnSPclUJXyCNP0A=
-35,7,DpyksLtQS40EEDW644Rg+wQFPp8=,PKHMgai2jnhdA4lOI2jy1LU6OKI=
-35,6,DpyksLtQS40EEDW644Rg+wQFPp8=,PKHMgai2jnhdA4lOI2jy1LU6OKI=
-37,5,DpyksLtQS40EEDW644Rg+wQFPp8=,V3WhC+lK1pWwR52r5HZMpN8AAfQ=
-35,8,DpyksLtQS40EEDW644Rg+wQFPp8=,+q2Vk1r8MVVwg08IpISbwAeMSew=
-33,12,DpyksLtQS40EEDW644Rg+wQFPp8=,5Bao4BBQV5Bolp2WfHdU24gHM0Q=
-37,7,DpyksLtQS40EEDW644Rg+wQFPp8=,5cTg+fFKnsvFR+9Uwn/gDg+y2UQ=
-37,6,DpyksLtQS40EEDW644Rg+wQFPp8=,5cTg+fFKnsvFR+9Uwn/gDg+y2UQ=
-36,6,DpyksLtQS40EEDW644Rg+wQFPp8=,PKHMgai2jnhdA4lOI2jy1LU6OKI=
-37,8,DpyksLtQS40EEDW644Rg+wQFPp8=,/whKavFprOT0NftFE+FL7MhIEm0=
-36,8,DpyksLtQS40EEDW644Rg+wQFPp8=,+q2Vk1r8MVVwg08IpISbwAeMSew=
-36,7,DpyksLtQS40EEDW644Rg+wQFPp8=,PKHMgai2jnhdA4lOI2jy1LU6OKI=
-43,3,DpyksLtQS40EEDW644Rg+wQFPp8=,o4AZXx9soXPrTlq3eaxKaw0W4KA=
-40,5,DpyksLtQS40EEDW644Rg+wQFPp8=,4KZkFJWSr3yMbGHW8PY96LM2YK0=
-41,5,DpyksLtQS40EEDW644Rg+wQFPp8=,qMxpnS1B7xnnJ/axSkxXPPSvTzk=
-42,3,DpyksLtQS40EEDW644Rg+wQFPp8=,5u0s16r7vFEaXop76qixPm2l/EY=
-41,3,DpyksLtQS40EEDW644Rg+wQFPp8=,5u0s16r7vFEaXop76qixPm2l/EY=
-40,4,DpyksLtQS40EEDW644Rg+wQFPp8=,4KZkFJWSr3yMbGHW8PY96LM2YK0=
-41,4,DpyksLtQS40EEDW644Rg+wQFPp8=,qMxpnS1B7xnnJ/axSkxXPPSvTzk=
-42,5,DpyksLtQS40EEDW644Rg+wQFPp8=,qMxpnS1B7xnnJ/axSkxXPPSvTzk=
-40,3,DpyksLtQS40EEDW644Rg+wQFPp8=,e8ybInTv4GZOS3vqbNb3FJYC9n0=
-38,15,DpyksLtQS40EEDW644Rg+wQFPp8=,3jjTTRcpbQIbTLzUC2KtnFr/8Qw=
-42,4,DpyksLtQS40EEDW644Rg+wQFPp8=,qMxpnS1B7xnnJ/axSkxXPPSvTzk=
-37,15,DpyksLtQS40EEDW644Rg+wQFPp8=,3jjTTRcpbQIbTLzUC2KtnFr/8Qw=
-39,15,DpyksLtQS40EEDW644Rg+wQFPp8=,3qxZWcUbPfeqMG+2NDVNG3XH7uk=
-44,13,DpyksLtQS40EEDW644Rg+wQFPp8=,ntLwthZ6k0I1DWQv082vieUFCq8=
-36,15,DpyksLtQS40EEDW644Rg+wQFPp8=,E0voEmuh0DvpgPqz2SjsqvapKWs=
-44,14,DpyksLtQS40EEDW644Rg+wQFPp8=,s3l/hoa69liFc7+uucmkfQS18Ws=
-40,15,DpyksLtQS40EEDW644Rg+wQFPp8=,3qxZWcUbPfeqMG+2NDVNG3XH7uk=
-39,12,DpyksLtQS40EEDW644Rg+wQFPp8=,jSZgpyiMVKfvklFksPd5iz7K7Nk=
-45,13,DpyksLtQS40EEDW644Rg+wQFPp8=,ZW7CYtVaAA1AkMj/lJLUK6QSECw=
-37,9,DpyksLtQS40EEDW644Rg+wQFPp8=,/whKavFprOT0NftFE+FL7MhIEm0=
-39,10,DpyksLtQS40EEDW644Rg+wQFPp8=,yP0BIXOOur0H88zUm/RHjkuIn1k=
-42,15,DpyksLtQS40EEDW644Rg+wQFPp8=,vGhwWOE1f9/Gxz44vNtXqaZh0SM=
-41,15,DpyksLtQS40EEDW644Rg+wQFPp8=,vGhwWOE1f9/Gxz44vNtXqaZh0SM=
-46,12,DpyksLtQS40EEDW644Rg+wQFPp8=,ZW7CYtVaAA1AkMj/lJLUK6QSECw=
-44,15,DpyksLtQS40EEDW644Rg+wQFPp8=,s3l/hoa69liFc7+uucmkfQS18Ws=
-47,11,DpyksLtQS40EEDW644Rg+wQFPp8=,wZIFrZaGxdlIr2O+DXvrzDq8Nww=
-36,11,DpyksLtQS40EEDW644Rg+wQFPp8=,Poov+N/txG83Prq1Ykcv2ZBM2XY=
-37,12,DpyksLtQS40EEDW644Rg+wQFPp8=,tJaAsMOSPs4zunIJ3T2mAZjz+G8=
-38,10,DpyksLtQS40EEDW644Rg+wQFPp8=,UIMfomXqSSbLiZarey5R3+ouSak=
-46,11,DpyksLtQS40EEDW644Rg+wQFPp8=,iAh7XeXap/VJP8J0IzWbfUXYlBY=
-43,15,DpyksLtQS40EEDW644Rg+wQFPp8=,s3l/hoa69liFc7+uucmkfQS18Ws=
-38,9,DpyksLtQS40EEDW644Rg+wQFPp8=,/whKavFprOT0NftFE+FL7MhIEm0=
-47,10,DpyksLtQS40EEDW644Rg+wQFPp8=,wZIFrZaGxdlIr2O+DXvrzDq8Nww=
-39,11,DpyksLtQS40EEDW644Rg+wQFPp8=,yP0BIXOOur0H88zUm/RHjkuIn1k=
-43,10,DpyksLtQS40EEDW644Rg+wQFPp8=,BnjXATP8v1Vz1l6O0aYLhDTflGs=
-45,10,DpyksLtQS40EEDW644Rg+wQFPp8=,iAh7XeXap/VJP8J0IzWbfUXYlBY=
-44,10,DpyksLtQS40EEDW644Rg+wQFPp8=,BnjXATP8v1Vz1l6O0aYLhDTflGs=
-42,10,DpyksLtQS40EEDW644Rg+wQFPp8=,eSt1rDbyjf0HxNDJifckv4J4rmk=
-48,10,DpyksLtQS40EEDW644Rg+wQFPp8=,wZIFrZaGxdlIr2O+DXvrzDq8Nww=
-38,11,DpyksLtQS40EEDW644Rg+wQFPp8=,UIMfomXqSSbLiZarey5R3+ouSak=
-37,11,DpyksLtQS40EEDW644Rg+wQFPp8=,UIMfomXqSSbLiZarey5R3+ouSak=
-46,10,DpyksLtQS40EEDW644Rg+wQFPp8=,iAh7XeXap/VJP8J0IzWbfUXYlBY=
-47,5,DpyksLtQS40EEDW644Rg+wQFPp8=,HSs3cKd4gmCg0HOWXxfFp6KfpbU=
-48,9,DpyksLtQS40EEDW644Rg+wQFPp8=,LqBTAx0DnAmn60Vqgx8haw/jwvI=
-36,10,DpyksLtQS40EEDW644Rg+wQFPp8=,Poov+N/txG83Prq1Ykcv2ZBM2XY=
-47,6,DpyksLtQS40EEDW644Rg+wQFPp8=,ntV3Sd2FuSdeaHMv4Bzglb4wMCA=
-47,7,DpyksLtQS40EEDW644Rg+wQFPp8=,ntV3Sd2FuSdeaHMv4Bzglb4wMCA=
-47,8,DpyksLtQS40EEDW644Rg+wQFPp8=,LqBTAx0DnAmn60Vqgx8haw/jwvI=
-48,11,DpyksLtQS40EEDW644Rg+wQFPp8=,wZIFrZaGxdlIr2O+DXvrzDq8Nww=
-36,9,DpyksLtQS40EEDW644Rg+wQFPp8=,+q2Vk1r8MVVwg08IpISbwAeMSew=
-33,10,DpyksLtQS40EEDW644Rg+wQFPp8=,qpTrTs8m1uk+gnSPclUJXyCNP0A=
-46,13,DpyksLtQS40EEDW644Rg+wQFPp8=,ZW7CYtVaAA1AkMj/lJLUK6QSECw=
-38,12,DpyksLtQS40EEDW644Rg+wQFPp8=,tJaAsMOSPs4zunIJ3T2mAZjz+G8=
-37,10,DpyksLtQS40EEDW644Rg+wQFPp8=,UIMfomXqSSbLiZarey5R3+ouSak=
-36,12,DpyksLtQS40EEDW644Rg+wQFPp8=,1sj5LFbKpw8BKgFMDC6MAcA1RU0=
-48,8,DpyksLtQS40EEDW644Rg+wQFPp8=,LqBTAx0DnAmn60Vqgx8haw/jwvI=
-47,9,DpyksLtQS40EEDW644Rg+wQFPp8=,LqBTAx0DnAmn60Vqgx8haw/jwvI=
-48,7,DpyksLtQS40EEDW644Rg+wQFPp8=,ntV3Sd2FuSdeaHMv4Bzglb4wMCA=
-48,4,DpyksLtQS40EEDW644Rg+wQFPp8=,HSs3cKd4gmCg0HOWXxfFp6KfpbU=
-48,5,DpyksLtQS40EEDW644Rg+wQFPp8=,HSs3cKd4gmCg0HOWXxfFp6KfpbU=
-39,9,DpyksLtQS40EEDW644Rg+wQFPp8=,mGcBdcXSB2oTTSFyme7pZeRjqes=
-48,6,DpyksLtQS40EEDW644Rg+wQFPp8=,ntV3Sd2FuSdeaHMv4Bzglb4wMCA=
-33,15,DpyksLtQS40EEDW644Rg+wQFPp8=,CAPKvQNQTrrZyJHfjlxsSk4iaAQ=
-48,0,DpyksLtQS40EEDW644Rg+wQFPp8=,SxtCnA8jI/SlrFN0wDJ/sk1Bsh4=
-35,15,DpyksLtQS40EEDW644Rg+wQFPp8=,E0voEmuh0DvpgPqz2SjsqvapKWs=
-34,15,DpyksLtQS40EEDW644Rg+wQFPp8=,CAPKvQNQTrrZyJHfjlxsSk4iaAQ=
-35,14,DpyksLtQS40EEDW644Rg+wQFPp8=,E0voEmuh0DvpgPqz2SjsqvapKWs=
-35,13,DpyksLtQS40EEDW644Rg+wQFPp8=,1sj5LFbKpw8BKgFMDC6MAcA1RU0=
-34,13,DpyksLtQS40EEDW644Rg+wQFPp8=,5Bao4BBQV5Bolp2WfHdU24gHM0Q=
-33,13,DpyksLtQS40EEDW644Rg+wQFPp8=,5Bao4BBQV5Bolp2WfHdU24gHM0Q=
-33,14,DpyksLtQS40EEDW644Rg+wQFPp8=,CAPKvQNQTrrZyJHfjlxsSk4iaAQ=
-34,14,DpyksLtQS40EEDW644Rg+wQFPp8=,CAPKvQNQTrrZyJHfjlxsSk4iaAQ=
