0,0,KB2TeJ7JTLc30NduIgdnC2d/aMs=,mnAr1x1m9EUW6Obblq717S9ZJyg=
0,1,KB2TeJ7JTLc30NduIgdnC2d/aMs=,1SUVnqiYer99WsSD2mlT68J609Q=
0,2,KB2TeJ7JTLc30NduIgdnC2d/aMs=,1SUVnqiYer99WsSD2mlT68J609Q=
0,3,KB2TeJ7JTLc30NduIgdnC2d/aMs=,6ltc8QQaR825NwrSMQQ/WG2lXEg=
0,4,KB2TeJ7JTLc30NduIgdnC2d/aMs=,a+uJhxFNcBOZ29RQR8qCJxzVmHw=
0,5,KB2TeJ7JTLc30NduIgdnC2d/aMs=,a+uJhxFNcBOZ29RQR8qCJxzVmHw=
0,6,KB2TeJ7JTLc30NduIgdnC2d/aMs=,a+uJhxFNcBOZ29RQR8qCJxzVmHw=
0,7,KB2TeJ7JTLc30NduIgdnC2d/aMs=,YVMOpdZJWYSKmq9ITVy1IpEP7KQ=
0,8,KB2TeJ7JTLc30NduIgdnC2d/aMs=,JJO5rsq5R4oXNUa75JOilws+SCA=
0,9,KB2TeJ7JTLc30NduIgdnC2d/aMs=,5mdLI/d4HYHfp9PzC62LDRg93lM=
0,10,KB2TeJ7JTLc30NduIgdnC2d/aMs=,jh7hmPlHQjnq7C1YWFX2Y4E9o1o=
0,11,KB2TeJ7JTLc30NduIgdnC2d/aMs=,o6+GwMsmW7BHVyBAR7eJFEvAbCo=
0,20,KB2TeJ7JTLc30NduIgdnC2d/aMs=,JJO5rsq5R4oXNUa75JOilws+SCA=
0,21,KB2TeJ7JTLc30NduIgdnC2d/aMs=,JJO5rsq5R4oXNUa75JOilws+SCA=
0,22,KB2TeJ7JTLc30NduIgdnC2d/aMs=,JJO5rsq5R4oXNUa75JOilws+SCA=
0,23,KB2TeJ7JTLc30NduIgdnC2d/aMs=,JJO5rsq5R4oXNUa75JOilws+SCA=
0,25,KB2TeJ7JTLc30NduIgdnC2d/aMs=,JJO5rsq5R4oXNUa75JOilws+SCA=
0,26,KB2TeJ7JTLc30NduIgdnC2d/aMs=,JJO5rsq5R4oXNUa75JOilws+SCA=
1,1,KB2TeJ7JTLc30NduIgdnC2d/aMs=,QAAS2zx8TwfsKpJRDPdth42XE1I=
1,0,KB2TeJ7JTLc30NduIgdnC2d/aMs=,/Rrz2LWDKvH+2Mf6+OTjFOQe4xY=
1,3,KB2TeJ7JTLc30NduIgdnC2d/aMs=,QAAS2zx8TwfsKpJRDPdth42XE1I=
1,2,KB2TeJ7JTLc30NduIgdnC2d/aMs=,QAAS2zx8TwfsKpJRDPdth42XE1I=
1,5,KB2TeJ7JTLc30NduIgdnC2d/aMs=,QAAS2zx8TwfsKpJRDPdth42XE1I=
1,4,KB2TeJ7JTLc30NduIgdnC2d/aMs=,QAAS2zx8TwfsKpJRDPdth42XE1I=
1,7,KB2TeJ7JTLc30NduIgdnC2d/aMs=,N56ygDVTELPkxmee28BZs4cK8Wo=
1,6,KB2TeJ7JTLc30NduIgdnC2d/aMs=,QAAS2zx8TwfsKpJRDPdth42XE1I=
1,9,KB2TeJ7JTLc30NduIgdnC2d/aMs=,2HQ+kmUEuoqeuiwl9LZ587NgcXk=
1,8,KB2TeJ7JTLc30NduIgdnC2d/aMs=,5mdLI/d4HYHfp9PzC62LDRg93lM=
1,11,KB2TeJ7JTLc30NduIgdnC2d/aMs=,B6dyHDCpW7dwofPblm3khepoBis=
1,10,KB2TeJ7JTLc30NduIgdnC2d/aMs=,7QQgFBoa2sMTPRnXUk3b0sHdH2I=
1,15,KB2TeJ7JTLc30NduIgdnC2d/aMs=,JJO5rsq5R4oXNUa75JOilws+SCA=
1,14,KB2TeJ7JTLc30NduIgdnC2d/aMs=,JJO5rsq5R4oXNUa75JOilws+SCA=
1,17,KB2TeJ7JTLc30NduIgdnC2d/aMs=,JJO5rsq5R4oXNUa75JOilws+SCA=
1,19,KB2TeJ7JTLc30NduIgdnC2d/aMs=,JJO5rsq5R4oXNUa75JOilws+SCA=
1,18,KB2TeJ7JTLc30NduIgdnC2d/aMs=,JJO5rsq5R4oXNUa75JOilws+SCA=
1,21,KB2TeJ7JTLc30NduIgdnC2d/aMs=,JJO5rsq5R4oXNUa75JOilws+SCA=
1,20,KB2TeJ7JTLc30NduIgdnC2d/aMs=,JJO5rsq5R4oXNUa75JOilws+SCA=
1,23,KB2TeJ7JTLc30NduIgdnC2d/aMs=,JJO5rsq5R4oXNUa75JOilws+SCA=
1,22,KB2TeJ7JTLc30NduIgdnC2d/aMs=,JJO5rsq5R4oXNUa75JOilws+SCA=
1,26,KB2TeJ7JTLc30NduIgdnC2d/aMs=,JJO5rsq5R4oXNUa75JOilws+SCA=
1,31,KB2TeJ7JTLc30NduIgdnC2d/aMs=,JJO5rsq5R4oXNUa75JOilws+SCA=
2,2,KB2TeJ7JTLc30NduIgdnC2d/aMs=,Bb9pFsHj1KjMYCKza1ZeYvdZdwI=
2,3,KB2TeJ7JTLc30NduIgdnC2d/aMs=,hq8lu39MSXwZH7p1kNjs6/q/bX0=
2,0,KB2TeJ7JTLc30NduIgdnC2d/aMs=,v5SL7F7MiQzQiKKuf+8YVnauGPk=
2,1,KB2TeJ7JTLc30NduIgdnC2d/aMs=,2bxtPXqMpEz8X8YgUub7SHvjRxE=
2,6,KB2TeJ7JTLc30NduIgdnC2d/aMs=,hq8lu39MSXwZH7p1kNjs6/q/bX0=
2,7,KB2TeJ7JTLc30NduIgdnC2d/aMs=,xZU5z/H0cOKj+yWFHSeJon9zkHA=
2,4,KB2TeJ7JTLc30NduIgdnC2d/aMs=,hq8lu39MSXwZH7p1kNjs6/q/bX0=
2,5,KB2TeJ7JTLc30NduIgdnC2d/aMs=,hq8lu39MSXwZH7p1kNjs6/q/bX0=
2,10,meCJxqx6KR01tKiBIznbrcT7Sb0=,7QQgFBoa2sMTPRnXUk3b0sHdH2I=
2,11,meCJxqx6KR01tKiBIznbrcT7Sb0=,B6dyHDCpW7dwofPblm3khepoBis=
2,8,meCJxqx6KR01tKiBIznbrcT7Sb0=,Y4ZKvKdo+5eWzGFEv89m5y8dXVQ=
2,9,meCJxqx6KR01tKiBIznbrcT7Sb0=,7QQgFBoa2sMTPRnXUk3b0sHdH2I=
2,14,meCJxqx6KR01tKiBIznbrcT7Sb0=,JJO5rsq5R4oXNUa75JOilws+SCA=
2,15,meCJxqx6KR01tKiBIznbrcT7Sb0=,JJO5rsq5R4oXNUa75JOilws+SCA=
2,12,meCJxqx6KR01tKiBIznbrcT7Sb0=,JJO5rsq5R4oXNUa75JOilws+SCA=
2,13,meCJxqx6KR01tKiBIznbrcT7Sb0=,JJO5rsq5R4oXNUa75JOilws+SCA=
2,18,meCJxqx6KR01tKiBIznbrcT7Sb0=,JJO5rsq5R4oXNUa75JOilws+SCA=
2,16,meCJxqx6KR01tKiBIznbrcT7Sb0=,JJO5rsq5R4oXNUa75JOilws+SCA=
2,17,meCJxqx6KR01tKiBIznbrcT7Sb0=,JJO5rsq5R4oXNUa75JOilws+SCA=
2,26,meCJxqx6KR01tKiBIznbrcT7Sb0=,JJO5rsq5R4oXNUa75JOilws+SCA=
3,3,meCJxqx6KR01tKiBIznbrcT7Sb0=,e5t7iq54EQbqDA5gGo/5efvJs0I=
3,2,meCJxqx6KR01tKiBIznbrcT7Sb0=,dBO1zu0UQh6pFFgM0DjERd8IOb0=
3,1,meCJxqx6KR01tKiBIznbrcT7Sb0=,v5SL7F7MiQzQiKKuf+8YVnauGPk=
3,0,meCJxqx6KR01tKiBIznbrcT7Sb0=,e5t7iq54EQbqDA5gGo/5efvJs0I=
3,7,meCJxqx6KR01tKiBIznbrcT7Sb0=,hwRS16MmoZrxjQL8VoZ2C69oSKo=
3,6,meCJxqx6KR01tKiBIznbrcT7Sb0=,oGk8CkkNYTCkjE6gTLlo3CkvpLM=
3,5,meCJxqx6KR01tKiBIznbrcT7Sb0=,e5t7iq54EQbqDA5gGo/5efvJs0I=
3,4,meCJxqx6KR01tKiBIznbrcT7Sb0=,e5t7iq54EQbqDA5gGo/5efvJs0I=
3,11,meCJxqx6KR01tKiBIznbrcT7Sb0=,B6dyHDCpW7dwofPblm3khepoBis=
3,10,meCJxqx6KR01tKiBIznbrcT7Sb0=,7QQgFBoa2sMTPRnXUk3b0sHdH2I=
3,9,meCJxqx6KR01tKiBIznbrcT7Sb0=,7QQgFBoa2sMTPRnXUk3b0sHdH2I=
3,8,meCJxqx6KR01tKiBIznbrcT7Sb0=,Y4ZKvKdo+5eWzGFEv89m5y8dXVQ=
3,15,meCJxqx6KR01tKiBIznbrcT7Sb0=,JJO5rsq5R4oXNUa75JOilws+SCA=
3,14,meCJxqx6KR01tKiBIznbrcT7Sb0=,JJO5rsq5R4oXNUa75JOilws+SCA=
3,13,meCJxqx6KR01tKiBIznbrcT7Sb0=,JJO5rsq5R4oXNUa75JOilws+SCA=
3,12,meCJxqx6KR01tKiBIznbrcT7Sb0=,JJO5rsq5R4oXNUa75JOilws+SCA=
4,4,meCJxqx6KR01tKiBIznbrcT7Sb0=,e5t7iq54EQbqDA5gGo/5efvJs0I=
4,5,meCJxqx6KR01tKiBIznbrcT7Sb0=,e5t7iq54EQbqDA5gGo/5efvJs0I=
4,6,meCJxqx6KR01tKiBIznbrcT7Sb0=,29o7A+/kaM4+oZWYGIwIx95cySo=
4,7,meCJxqx6KR01tKiBIznbrcT7Sb0=,7QQgFBoa2sMTPRnXUk3b0sHdH2I=
4,0,meCJxqx6KR01tKiBIznbrcT7Sb0=,e5t7iq54EQbqDA5gGo/5efvJs0I=
4,1,meCJxqx6KR01tKiBIznbrcT7Sb0=,e5t7iq54EQbqDA5gGo/5efvJs0I=
4,2,meCJxqx6KR01tKiBIznbrcT7Sb0=,e5t7iq54EQbqDA5gGo/5efvJs0I=
4,3,meCJxqx6KR01tKiBIznbrcT7Sb0=,e5t7iq54EQbqDA5gGo/5efvJs0I=
4,12,meCJxqx6KR01tKiBIznbrcT7Sb0=,jh7hmPlHQjnq7C1YWFX2Y4E9o1o=
4,13,meCJxqx6KR01tKiBIznbrcT7Sb0=,o6+GwMsmW7BHVyBAR7eJFEvAbCo=
4,14,meCJxqx6KR01tKiBIznbrcT7Sb0=,JJO5rsq5R4oXNUa75JOilws+SCA=
4,15,meCJxqx6KR01tKiBIznbrcT7Sb0=,JJO5rsq5R4oXNUa75JOilws+SCA=
4,8,meCJxqx6KR01tKiBIznbrcT7Sb0=,68DFQ6uqx9m2ZWbY9DtAIubRCbA=
4,9,meCJxqx6KR01tKiBIznbrcT7Sb0=,lBYNhpaSO7eDKL6AnSu6zoi5eis=
4,10,meCJxqx6KR01tKiBIznbrcT7Sb0=,lBYNhpaSO7eDKL6AnSu6zoi5eis=
4,11,meCJxqx6KR01tKiBIznbrcT7Sb0=,ah9F15M95DDVPqkk6itF6J1EKXw=
5,5,meCJxqx6KR01tKiBIznbrcT7Sb0=,e5t7iq54EQbqDA5gGo/5efvJs0I=
5,4,meCJxqx6KR01tKiBIznbrcT7Sb0=,e5t7iq54EQbqDA5gGo/5efvJs0I=
5,7,meCJxqx6KR01tKiBIznbrcT7Sb0=,pt3vURwUkvN46s52h/2aNjLhOIE=
5,6,meCJxqx6KR01tKiBIznbrcT7Sb0=,R1/1v7C+QhuwRVO4TbmnH2NL2sQ=
5,1,meCJxqx6KR01tKiBIznbrcT7Sb0=,e5t7iq54EQbqDA5gGo/5efvJs0I=
5,0,meCJxqx6KR01tKiBIznbrcT7Sb0=,e5t7iq54EQbqDA5gGo/5efvJs0I=
5,3,meCJxqx6KR01tKiBIznbrcT7Sb0=,e5t7iq54EQbqDA5gGo/5efvJs0I=
5,2,meCJxqx6KR01tKiBIznbrcT7Sb0=,e5t7iq54EQbqDA5gGo/5efvJs0I=
5,13,meCJxqx6KR01tKiBIznbrcT7Sb0=,qixmx4U5GT4FzeAZDypEinVA4AU=
5,12,meCJxqx6KR01tKiBIznbrcT7Sb0=,7QQgFBoa2sMTPRnXUk3b0sHdH2I=
5,15,meCJxqx6KR01tKiBIznbrcT7Sb0=,JJO5rsq5R4oXNUa75JOilws+SCA=
5,14,meCJxqx6KR01tKiBIznbrcT7Sb0=,o6+GwMsmW7BHVyBAR7eJFEvAbCo=
5,9,meCJxqx6KR01tKiBIznbrcT7Sb0=,JJO5rsq5R4oXNUa75JOilws+SCA=
5,8,meCJxqx6KR01tKiBIznbrcT7Sb0=,JJO5rsq5R4oXNUa75JOilws+SCA=
5,11,meCJxqx6KR01tKiBIznbrcT7Sb0=,Y4ZKvKdo+5eWzGFEv89m5y8dXVQ=
5,10,meCJxqx6KR01tKiBIznbrcT7Sb0=,JJO5rsq5R4oXNUa75JOilws+SCA=
6,6,meCJxqx6KR01tKiBIznbrcT7Sb0=,e5t7iq54EQbqDA5gGo/5efvJs0I=
6,7,meCJxqx6KR01tKiBIznbrcT7Sb0=,29o7A+/kaM4+oZWYGIwIx95cySo=
6,4,meCJxqx6KR01tKiBIznbrcT7Sb0=,e5t7iq54EQbqDA5gGo/5efvJs0I=
6,5,meCJxqx6KR01tKiBIznbrcT7Sb0=,e5t7iq54EQbqDA5gGo/5efvJs0I=
6,2,meCJxqx6KR01tKiBIznbrcT7Sb0=,WlrPOj9GFkWiVLq9xUNj9KeSPvY=
6,3,meCJxqx6KR01tKiBIznbrcT7Sb0=,e5t7iq54EQbqDA5gGo/5efvJs0I=
6,0,meCJxqx6KR01tKiBIznbrcT7Sb0=,8C/eH3NitossA/c5ajX+vST48j4=
6,1,meCJxqx6KR01tKiBIznbrcT7Sb0=,8C/eH3NitossA/c5ajX+vST48j4=
6,14,meCJxqx6KR01tKiBIznbrcT7Sb0=,B6dyHDCpW7dwofPblm3khepoBis=
6,15,meCJxqx6KR01tKiBIznbrcT7Sb0=,JJO5rsq5R4oXNUa75JOilws+SCA=
6,12,meCJxqx6KR01tKiBIznbrcT7Sb0=,7QQgFBoa2sMTPRnXUk3b0sHdH2I=
6,13,meCJxqx6KR01tKiBIznbrcT7Sb0=,7QQgFBoa2sMTPRnXUk3b0sHdH2I=
6,10,meCJxqx6KR01tKiBIznbrcT7Sb0=,JJO5rsq5R4oXNUa75JOilws+SCA=
6,11,meCJxqx6KR01tKiBIznbrcT7Sb0=,Y4ZKvKdo+5eWzGFEv89m5y8dXVQ=
6,8,E1Puao+CSYZW8HqiXddwz/c5L4s=,JJO5rsq5R4oXNUa75JOilws+SCA=
6,9,E1Puao+CSYZW8HqiXddwz/c5L4s=,JJO5rsq5R4oXNUa75JOilws+SCA=
6,16,E1Puao+CSYZW8HqiXddwz/c5L4s=,JJO5rsq5R4oXNUa75JOilws+SCA=
7,7,E1Puao+CSYZW8HqiXddwz/c5L4s=,hwRS16MmoZrxjQL8VoZ2C69oSKo=
7,6,E1Puao+CSYZW8HqiXddwz/c5L4s=,8C/eH3NitossA/c5ajX+vST48j4=
7,5,E1Puao+CSYZW8HqiXddwz/c5L4s=,8C/eH3NitossA/c5ajX+vST48j4=
7,4,E1Puao+CSYZW8HqiXddwz/c5L4s=,oGk8CkkNYTCkjE6gTLlo3CkvpLM=
7,3,E1Puao+CSYZW8HqiXddwz/c5L4s=,e5t7iq54EQbqDA5gGo/5efvJs0I=
7,2,E1Puao+CSYZW8HqiXddwz/c5L4s=,AkITeHmXq6zfNl1fqYsHfCOdtnM=
7,1,E1Puao+CSYZW8HqiXddwz/c5L4s=,7QQgFBoa2sMTPRnXUk3b0sHdH2I=
7,0,E1Puao+CSYZW8HqiXddwz/c5L4s=,7QQgFBoa2sMTPRnXUk3b0sHdH2I=
7,15,E1Puao+CSYZW8HqiXddwz/c5L4s=,JJO5rsq5R4oXNUa75JOilws+SCA=
7,14,E1Puao+CSYZW8HqiXddwz/c5L4s=,Uz4QNxHE4gJckLHqTAGTgyR2L5k=
7,13,E1Puao+CSYZW8HqiXddwz/c5L4s=,lBYNhpaSO7eDKL6AnSu6zoi5eis=
7,12,E1Puao+CSYZW8HqiXddwz/c5L4s=,lBYNhpaSO7eDKL6AnSu6zoi5eis=
7,11,E1Puao+CSYZW8HqiXddwz/c5L4s=,68DFQ6uqx9m2ZWbY9DtAIubRCbA=
7,10,E1Puao+CSYZW8HqiXddwz/c5L4s=,JJO5rsq5R4oXNUa75JOilws+SCA=
7,9,E1Puao+CSYZW8HqiXddwz/c5L4s=,JJO5rsq5R4oXNUa75JOilws+SCA=
7,8,E1Puao+CSYZW8HqiXddwz/c5L4s=,JJO5rsq5R4oXNUa75JOilws+SCA=
7,18,E1Puao+CSYZW8HqiXddwz/c5L4s=,JJO5rsq5R4oXNUa75JOilws+SCA=
7,17,E1Puao+CSYZW8HqiXddwz/c5L4s=,JJO5rsq5R4oXNUa75JOilws+SCA=
7,16,E1Puao+CSYZW8HqiXddwz/c5L4s=,JJO5rsq5R4oXNUa75JOilws+SCA=
7,31,E1Puao+CSYZW8HqiXddwz/c5L4s=,JJO5rsq5R4oXNUa75JOilws+SCA=
8,8,E1Puao+CSYZW8HqiXddwz/c5L4s=,v5x9kSmdpgKyLY/jMSRBTtLpkkg=
8,9,E1Puao+CSYZW8HqiXddwz/c5L4s=,KbhbH1Dh1NaXEnYxthA6HCHlOsI=
8,11,E1Puao+CSYZW8HqiXddwz/c5L4s=,Lfr3pN3i1EMPCjpvpQVZxDzCKXw=
8,12,E1Puao+CSYZW8HqiXddwz/c5L4s=,Lfr3pN3i1EMPCjpvpQVZxDzCKXw=
8,13,E1Puao+CSYZW8HqiXddwz/c5L4s=,Lfr3pN3i1EMPCjpvpQVZxDzCKXw=
8,14,E1Puao+CSYZW8HqiXddwz/c5L4s=,Lfr3pN3i1EMPCjpvpQVZxDzCKXw=
8,15,E1Puao+CSYZW8HqiXddwz/c5L4s=,Lfr3pN3i1EMPCjpvpQVZxDzCKXw=
8,1,E1Puao+CSYZW8HqiXddwz/c5L4s=,+ClJMvB8Sqp3HDhS/NFnu0ncBpA=
8,2,E1Puao+CSYZW8HqiXddwz/c5L4s=,9s3fL31bN25T/eGd2b0pjpdG5Fo=
8,3,E1Puao+CSYZW8HqiXddwz/c5L4s=,c101pdHowAC34wqyTwGsXQEzoiw=
8,4,E1Puao+CSYZW8HqiXddwz/c5L4s=,c101pdHowAC34wqyTwGsXQEzoiw=
8,5,E1Puao+CSYZW8HqiXddwz/c5L4s=,c101pdHowAC34wqyTwGsXQEzoiw=
8,6,E1Puao+CSYZW8HqiXddwz/c5L4s=,c101pdHowAC34wqyTwGsXQEzoiw=
8,7,E1Puao+CSYZW8HqiXddwz/c5L4s=,mlzhJ/rE7Pk744pQ5zOehXcxLGw=
8,30,E1Puao+CSYZW8HqiXddwz/c5L4s=,5MT1J9xR31rMCujbKyWd7ziQXuw=
8,31,E1Puao+CSYZW8HqiXddwz/c5L4s=,5MT1J9xR31rMCujbKyWd7ziQXuw=
8,16,E1Puao+CSYZW8HqiXddwz/c5L4s=,mooVs1ullga5u5AiYnNRcz6CFro=
8,17,E1Puao+CSYZW8HqiXddwz/c5L4s=,b9JDmcrWWYNyW1uhwt/erVk3zic=
8,18,E1Puao+CSYZW8HqiXddwz/c5L4s=,VQFcEbxmZ7luwsNUhZUS78MwPYY=
8,19,E1Puao+CSYZW8HqiXddwz/c5L4s=,mooVs1ullga5u5AiYnNRcz6CFro=
9,9,E1Puao+CSYZW8HqiXddwz/c5L4s=,KbhbH1Dh1NaXEnYxthA6HCHlOsI=
9,8,E1Puao+CSYZW8HqiXddwz/c5L4s=,qpqBgJLlsVLKiZwmnUNp670guZA=
9,11,E1Puao+CSYZW8HqiXddwz/c5L4s=,Lfr3pN3i1EMPCjpvpQVZxDzCKXw=
9,10,E1Puao+CSYZW8HqiXddwz/c5L4s=,Lfr3pN3i1EMPCjpvpQVZxDzCKXw=
9,13,E1Puao+CSYZW8HqiXddwz/c5L4s=,TmbnfMHV+YzzvhJngCBabVwxteI=
9,12,E1Puao+CSYZW8HqiXddwz/c5L4s=,rpYbqVWX0kcdTwnriade4M933IY=
9,15,E1Puao+CSYZW8HqiXddwz/c5L4s=,Lfr3pN3i1EMPCjpvpQVZxDzCKXw=
9,14,E1Puao+CSYZW8HqiXddwz/c5L4s=,GmpT9Y3CKRj8fsEw3BdFDr8p5+c=
9,3,E1Puao+CSYZW8HqiXddwz/c5L4s=,R3A7jh/ulzrrwcW8vjziq87pEZo=
9,2,E1Puao+CSYZW8HqiXddwz/c5L4s=,pRQNKZ7LuwmbJE43ikptYdpgmgE=
9,5,E1Puao+CSYZW8HqiXddwz/c5L4s=,5f5Qg6kYH95mC9Oj6pouYAGJAE4=
9,4,E1Puao+CSYZW8HqiXddwz/c5L4s=,R3A7jh/ulzrrwcW8vjziq87pEZo=
9,7,E1Puao+CSYZW8HqiXddwz/c5L4s=,28xe4f2eoPlLDnQk6pAV113AH50=
9,6,E1Puao+CSYZW8HqiXddwz/c5L4s=,qLb0qx8rkuQYz5iHzFLohtI6zHM=
9,31,E1Puao+CSYZW8HqiXddwz/c5L4s=,5MT1J9xR31rMCujbKyWd7ziQXuw=
9,17,E1Puao+CSYZW8HqiXddwz/c5L4s=,iKQfvs6HstFbnmEjllpFKCD0u3M=
9,16,E1Puao+CSYZW8HqiXddwz/c5L4s=,b9JDmcrWWYNyW1uhwt/erVk3zic=
9,19,E1Puao+CSYZW8HqiXddwz/c5L4s=,mooVs1ullga5u5AiYnNRcz6CFro=
9,18,E1Puao+CSYZW8HqiXddwz/c5L4s=,YcS2/lCPLG9/tmQ5wNBDLa478zg=
9,21,E1Puao+CSYZW8HqiXddwz/c5L4s=,mooVs1ullga5u5AiYnNRcz6CFro=
9,20,E1Puao+CSYZW8HqiXddwz/c5L4s=,mooVs1ullga5u5AiYnNRcz6CFro=
10,10,E1Puao+CSYZW8HqiXddwz/c5L4s=,TmbnfMHV+YzzvhJngCBabVwxteI=
10,11,E1Puao+CSYZW8HqiXddwz/c5L4s=,TmbnfMHV+YzzvhJngCBabVwxteI=
10,8,E1Puao+CSYZW8HqiXddwz/c5L4s=,qpqBgJLlsVLKiZwmnUNp670guZA=
10,9,E1Puao+CSYZW8HqiXddwz/c5L4s=,v5x9kSmdpgKyLY/jMSRBTtLpkkg=
10,14,E1Puao+CSYZW8HqiXddwz/c5L4s=,KbhbH1Dh1NaXEnYxthA6HCHlOsI=
10,15,E1Puao+CSYZW8HqiXddwz/c5L4s=,Lfr3pN3i1EMPCjpvpQVZxDzCKXw=
10,12,E1Puao+CSYZW8HqiXddwz/c5L4s=,9LdCy3vRz7WZCke1mktS2KFeyxM=
10,13,E1Puao+CSYZW8HqiXddwz/c5L4s=,qpqBgJLlsVLKiZwmnUNp670guZA=
10,2,E1Puao+CSYZW8HqiXddwz/c5L4s=,+ClJMvB8Sqp3HDhS/NFnu0ncBpA=
10,3,E1Puao+CSYZW8HqiXddwz/c5L4s=,+ClJMvB8Sqp3HDhS/NFnu0ncBpA=
10,1,E1Puao+CSYZW8HqiXddwz/c5L4s=,+ClJMvB8Sqp3HDhS/NFnu0ncBpA=
10,6,E1Puao+CSYZW8HqiXddwz/c5L4s=,qLb0qx8rkuQYz5iHzFLohtI6zHM=
10,7,E1Puao+CSYZW8HqiXddwz/c5L4s=,28xe4f2eoPlLDnQk6pAV113AH50=
10,5,E1Puao+CSYZW8HqiXddwz/c5L4s=,ujM/TG9KgoDbz/gdTlPNWsMNgb0=
10,30,E1Puao+CSYZW8HqiXddwz/c5L4s=,5MT1J9xR31rMCujbKyWd7ziQXuw=
10,31,E1Puao+CSYZW8HqiXddwz/c5L4s=,5MT1J9xR31rMCujbKyWd7ziQXuw=
10,18,E1Puao+CSYZW8HqiXddwz/c5L4s=,YcS2/lCPLG9/tmQ5wNBDLa478zg=
10,19,E1Puao+CSYZW8HqiXddwz/c5L4s=,mooVs1ullga5u5AiYnNRcz6CFro=
10,16,E1Puao+CSYZW8HqiXddwz/c5L4s=,6w7Q7rL6zF3m0/N15UrKBYJG5vo=
10,17,p9Lq6QKTSq43vbIDqBF9ite8nO8=,5MT1J9xR31rMCujbKyWd7ziQXuw=
10,22,p9Lq6QKTSq43vbIDqBF9ite8nO8=,mooVs1ullga5u5AiYnNRcz6CFro=
10,20,p9Lq6QKTSq43vbIDqBF9ite8nO8=,mooVs1ullga5u5AiYnNRcz6CFro=
10,21,p9Lq6QKTSq43vbIDqBF9ite8nO8=,mooVs1ullga5u5AiYnNRcz6CFro=
11,11,p9Lq6QKTSq43vbIDqBF9ite8nO8=,qpqBgJLlsVLKiZwmnUNp670guZA=
11,10,p9Lq6QKTSq43vbIDqBF9ite8nO8=,qpqBgJLlsVLKiZwmnUNp670guZA=
11,9,p9Lq6QKTSq43vbIDqBF9ite8nO8=,qpqBgJLlsVLKiZwmnUNp670guZA=
11,8,p9Lq6QKTSq43vbIDqBF9ite8nO8=,qpqBgJLlsVLKiZwmnUNp670guZA=
11,15,p9Lq6QKTSq43vbIDqBF9ite8nO8=,GmpT9Y3CKRj8fsEw3BdFDr8p5+c=
11,14,p9Lq6QKTSq43vbIDqBF9ite8nO8=,v5x9kSmdpgKyLY/jMSRBTtLpkkg=
11,13,p9Lq6QKTSq43vbIDqBF9ite8nO8=,qpqBgJLlsVLKiZwmnUNp670guZA=
11,12,p9Lq6QKTSq43vbIDqBF9ite8nO8=,qpqBgJLlsVLKiZwmnUNp670guZA=
11,3,p9Lq6QKTSq43vbIDqBF9ite8nO8=,9s3fL31bN25T/eGd2b0pjpdG5Fo=
11,2,p9Lq6QKTSq43vbIDqBF9ite8nO8=,+ClJMvB8Sqp3HDhS/NFnu0ncBpA=
11,1,p9Lq6QKTSq43vbIDqBF9ite8nO8=,+ClJMvB8Sqp3HDhS/NFnu0ncBpA=
11,0,p9Lq6QKTSq43vbIDqBF9ite8nO8=,+ClJMvB8Sqp3HDhS/NFnu0ncBpA=
11,7,p9Lq6QKTSq43vbIDqBF9ite8nO8=,28xe4f2eoPlLDnQk6pAV113AH50=
11,6,p9Lq6QKTSq43vbIDqBF9ite8nO8=,qLb0qx8rkuQYz5iHzFLohtI6zHM=
11,5,p9Lq6QKTSq43vbIDqBF9ite8nO8=,eJYHy6Dh/qKhvpDD9pL5vHlB/8s=
11,4,p9Lq6QKTSq43vbIDqBF9ite8nO8=,c101pdHowAC34wqyTwGsXQEzoiw=
11,26,p9Lq6QKTSq43vbIDqBF9ite8nO8=,5MT1J9xR31rMCujbKyWd7ziQXuw=
11,24,p9Lq6QKTSq43vbIDqBF9ite8nO8=,5MT1J9xR31rMCujbKyWd7ziQXuw=
11,31,p9Lq6QKTSq43vbIDqBF9ite8nO8=,5MT1J9xR31rMCujbKyWd7ziQXuw=
11,30,p9Lq6QKTSq43vbIDqBF9ite8nO8=,5MT1J9xR31rMCujbKyWd7ziQXuw=
11,19,p9Lq6QKTSq43vbIDqBF9ite8nO8=,mooVs1ullga5u5AiYnNRcz6CFro=
11,18,p9Lq6QKTSq43vbIDqBF9ite8nO8=,YcS2/lCPLG9/tmQ5wNBDLa478zg=
11,17,p9Lq6QKTSq43vbIDqBF9ite8nO8=,bpS6vhEkX2cwOF47eLvMD7ngttk=
11,16,p9Lq6QKTSq43vbIDqBF9ite8nO8=,Fj6chCpm7OKXQI5s5GNHPfCGXP4=
11,23,p9Lq6QKTSq43vbIDqBF9ite8nO8=,mooVs1ullga5u5AiYnNRcz6CFro=
11,22,p9Lq6QKTSq43vbIDqBF9ite8nO8=,mooVs1ullga5u5AiYnNRcz6CFro=
11,21,p9Lq6QKTSq43vbIDqBF9ite8nO8=,mooVs1ullga5u5AiYnNRcz6CFro=
11,20,p9Lq6QKTSq43vbIDqBF9ite8nO8=,mooVs1ullga5u5AiYnNRcz6CFro=
12,12,p9Lq6QKTSq43vbIDqBF9ite8nO8=,qpqBgJLlsVLKiZwmnUNp670guZA=
12,13,p9Lq6QKTSq43vbIDqBF9ite8nO8=,qpqBgJLlsVLKiZwmnUNp670guZA=
12,14,p9Lq6QKTSq43vbIDqBF9ite8nO8=,qpqBgJLlsVLKiZwmnUNp670guZA=
12,15,p9Lq6QKTSq43vbIDqBF9ite8nO8=,KbhbH1Dh1NaXEnYxthA6HCHlOsI=
12,8,p9Lq6QKTSq43vbIDqBF9ite8nO8=,RrxSOVNRUkpquHUm+ANVKsEuS9c=
12,9,p9Lq6QKTSq43vbIDqBF9ite8nO8=,hQeMFLEWnDlk/jR8bsgvx/Yo+Iw=
12,10,p9Lq6QKTSq43vbIDqBF9ite8nO8=,hQeMFLEWnDlk/jR8bsgvx/Yo+Iw=
12,11,p9Lq6QKTSq43vbIDqBF9ite8nO8=,ZBSuhiZN0PSlHTuonaSOzwjHy1o=
12,4,p9Lq6QKTSq43vbIDqBF9ite8nO8=,qLb0qx8rkuQYz5iHzFLohtI6zHM=
12,5,p9Lq6QKTSq43vbIDqBF9ite8nO8=,qLb0qx8rkuQYz5iHzFLohtI6zHM=
12,6,p9Lq6QKTSq43vbIDqBF9ite8nO8=,qLb0qx8rkuQYz5iHzFLohtI6zHM=
12,7,p9Lq6QKTSq43vbIDqBF9ite8nO8=,28xe4f2eoPlLDnQk6pAV113AH50=
12,0,p9Lq6QKTSq43vbIDqBF9ite8nO8=,+ClJMvB8Sqp3HDhS/NFnu0ncBpA=
12,1,p9Lq6QKTSq43vbIDqBF9ite8nO8=,+ClJMvB8Sqp3HDhS/NFnu0ncBpA=
12,2,p9Lq6QKTSq43vbIDqBF9ite8nO8=,+ClJMvB8Sqp3HDhS/NFnu0ncBpA=
12,3,p9Lq6QKTSq43vbIDqBF9ite8nO8=,ujM/TG9KgoDbz/gdTlPNWsMNgb0=
12,28,p9Lq6QKTSq43vbIDqBF9ite8nO8=,5MT1J9xR31rMCujbKyWd7ziQXuw=
12,30,p9Lq6QKTSq43vbIDqBF9ite8nO8=,5MT1J9xR31rMCujbKyWd7ziQXuw=
12,31,p9Lq6QKTSq43vbIDqBF9ite8nO8=,5MT1J9xR31rMCujbKyWd7ziQXuw=
12,24,p9Lq6QKTSq43vbIDqBF9ite8nO8=,5MT1J9xR31rMCujbKyWd7ziQXuw=
12,25,p9Lq6QKTSq43vbIDqBF9ite8nO8=,5MT1J9xR31rMCujbKyWd7ziQXuw=
12,26,p9Lq6QKTSq43vbIDqBF9ite8nO8=,5MT1J9xR31rMCujbKyWd7ziQXuw=
12,27,p9Lq6QKTSq43vbIDqBF9ite8nO8=,5MT1J9xR31rMCujbKyWd7ziQXuw=
12,20,p9Lq6QKTSq43vbIDqBF9ite8nO8=,mooVs1ullga5u5AiYnNRcz6CFro=
12,21,p9Lq6QKTSq43vbIDqBF9ite8nO8=,mooVs1ullga5u5AiYnNRcz6CFro=
12,22,p9Lq6QKTSq43vbIDqBF9ite8nO8=,mooVs1ullga5u5AiYnNRcz6CFro=
12,23,p9Lq6QKTSq43vbIDqBF9ite8nO8=,mooVs1ullga5u5AiYnNRcz6CFro=
12,16,p9Lq6QKTSq43vbIDqBF9ite8nO8=,mooVs1ullga5u5AiYnNRcz6CFro=
12,17,p9Lq6QKTSq43vbIDqBF9ite8nO8=,6w7Q7rL6zF3m0/N15UrKBYJG5vo=
12,18,p9Lq6QKTSq43vbIDqBF9ite8nO8=,YcS2/lCPLG9/tmQ5wNBDLa478zg=
12,19,p9Lq6QKTSq43vbIDqBF9ite8nO8=,mooVs1ullga5u5AiYnNRcz6CFro=
13,13,p9Lq6QKTSq43vbIDqBF9ite8nO8=,yAQiFqxzD5tpiegCqIljxHYDC+Q=
13,12,p9Lq6QKTSq43vbIDqBF9ite8nO8=,Nez9eR7lWkKOmBFRFbpA5eGMZII=
13,15,p9Lq6QKTSq43vbIDqBF9ite8nO8=,KbhbH1Dh1NaXEnYxthA6HCHlOsI=
13,14,p9Lq6QKTSq43vbIDqBF9ite8nO8=,O1G4c3kmsQaGFMdywUyRa36YT+Q=
13,9,p9Lq6QKTSq43vbIDqBF9ite8nO8=,Fx0LqB7zLFfUisYEdCJNXF1R+SA=
13,8,p9Lq6QKTSq43vbIDqBF9ite8nO8=,vuj5RNQxNlBq8zaHlRbngh9pGHg=
13,11,p9Lq6QKTSq43vbIDqBF9ite8nO8=,pQrHjHk7RHie5an7DptTK3TASFc=
13,10,p9Lq6QKTSq43vbIDqBF9ite8nO8=,Fx0LqB7zLFfUisYEdCJNXF1R+SA=
13,5,p9Lq6QKTSq43vbIDqBF9ite8nO8=,R3A7jh/ulzrrwcW8vjziq87pEZo=
13,4,p9Lq6QKTSq43vbIDqBF9ite8nO8=,oJxS0WLwa9wQjw4QQ2LoGjuCLAo=
13,7,p9Lq6QKTSq43vbIDqBF9ite8nO8=,/bKl66573F4/N8Kz7Fmt/oPYiZk=
13,6,p9Lq6QKTSq43vbIDqBF9ite8nO8=,R3A7jh/ulzrrwcW8vjziq87pEZo=
13,1,p9Lq6QKTSq43vbIDqBF9ite8nO8=,+ClJMvB8Sqp3HDhS/NFnu0ncBpA=
13,3,p9Lq6QKTSq43vbIDqBF9ite8nO8=,ujM/TG9KgoDbz/gdTlPNWsMNgb0=
13,2,p9Lq6QKTSq43vbIDqBF9ite8nO8=,+ClJMvB8Sqp3HDhS/NFnu0ncBpA=
13,29,p9Lq6QKTSq43vbIDqBF9ite8nO8=,/ZPaSbBlq5sbgBOuep5Dalc82eM=
13,28,p9Lq6QKTSq43vbIDqBF9ite8nO8=,/ZPaSbBlq5sbgBOuep5Dalc82eM=
13,31,p9Lq6QKTSq43vbIDqBF9ite8nO8=,bmHwkHf4KPf9hdc5evTGB/C7clQ=
13,30,p9Lq6QKTSq43vbIDqBF9ite8nO8=,/ZPaSbBlq5sbgBOuep5Dalc82eM=
13,25,p9Lq6QKTSq43vbIDqBF9ite8nO8=,5MT1J9xR31rMCujbKyWd7ziQXuw=
13,24,p9Lq6QKTSq43vbIDqBF9ite8nO8=,5MT1J9xR31rMCujbKyWd7ziQXuw=
13,27,p9Lq6QKTSq43vbIDqBF9ite8nO8=,lqasY26cEdAx79bLG+KVi8wfc4k=
13,26,p9Lq6QKTSq43vbIDqBF9ite8nO8=,5MT1J9xR31rMCujbKyWd7ziQXuw=
13,21,p9Lq6QKTSq43vbIDqBF9ite8nO8=,mooVs1ullga5u5AiYnNRcz6CFro=
13,20,p9Lq6QKTSq43vbIDqBF9ite8nO8=,VQFcEbxmZ7luwsNUhZUS78MwPYY=
13,23,p9Lq6QKTSq43vbIDqBF9ite8nO8=,mooVs1ullga5u5AiYnNRcz6CFro=
13,22,p9Lq6QKTSq43vbIDqBF9ite8nO8=,mooVs1ullga5u5AiYnNRcz6CFro=
13,17,p9Lq6QKTSq43vbIDqBF9ite8nO8=,6w7Q7rL6zF3m0/N15UrKBYJG5vo=
13,16,p9Lq6QKTSq43vbIDqBF9ite8nO8=,mooVs1ullga5u5AiYnNRcz6CFro=
13,19,p9Lq6QKTSq43vbIDqBF9ite8nO8=,Uc+mZqekVbZw8kyipJjAaXgWYKY=
13,18,p9Lq6QKTSq43vbIDqBF9ite8nO8=,h0PQhArelTDu4Kvt3DwUrl7UPeI=
14,14,p9Lq6QKTSq43vbIDqBF9ite8nO8=,nZqTbQ090c9hiPr7sX+MoM+YcAY=
14,15,p9Lq6QKTSq43vbIDqBF9ite8nO8=,KbhbH1Dh1NaXEnYxthA6HCHlOsI=
14,12,p9Lq6QKTSq43vbIDqBF9ite8nO8=,KbhbH1Dh1NaXEnYxthA6HCHlOsI=
14,13,p9Lq6QKTSq43vbIDqBF9ite8nO8=,Lfr3pN3i1EMPCjpvpQVZxDzCKXw=
14,8,p9Lq6QKTSq43vbIDqBF9ite8nO8=,nZqTbQ090c9hiPr7sX+MoM+YcAY=
14,9,p9Lq6QKTSq43vbIDqBF9ite8nO8=,qpqBgJLlsVLKiZwmnUNp670guZA=
14,7,p9Lq6QKTSq43vbIDqBF9ite8nO8=,+ClJMvB8Sqp3HDhS/NFnu0ncBpA=
14,4,p9Lq6QKTSq43vbIDqBF9ite8nO8=,28xe4f2eoPlLDnQk6pAV113AH50=
14,2,p9Lq6QKTSq43vbIDqBF9ite8nO8=,+ClJMvB8Sqp3HDhS/NFnu0ncBpA=
14,3,p9Lq6QKTSq43vbIDqBF9ite8nO8=,ujM/TG9KgoDbz/gdTlPNWsMNgb0=
14,30,W0HH9KHjfCwpudQAM7qAQ5C9omU=,+ClJMvB8Sqp3HDhS/NFnu0ncBpA=
14,31,W0HH9KHjfCwpudQAM7qAQ5C9omU=,jLwm5e5fG/mjJ+RceUbGLlUdvG4=
14,28,W0HH9KHjfCwpudQAM7qAQ5C9omU=,+ClJMvB8Sqp3HDhS/NFnu0ncBpA=
14,29,W0HH9KHjfCwpudQAM7qAQ5C9omU=,+ClJMvB8Sqp3HDhS/NFnu0ncBpA=
14,26,W0HH9KHjfCwpudQAM7qAQ5C9omU=,5MT1J9xR31rMCujbKyWd7ziQXuw=
14,27,W0HH9KHjfCwpudQAM7qAQ5C9omU=,tct9yNGloRv13Kb/J3AofaOPUl0=
14,24,W0HH9KHjfCwpudQAM7qAQ5C9omU=,5MT1J9xR31rMCujbKyWd7ziQXuw=
14,25,W0HH9KHjfCwpudQAM7qAQ5C9omU=,5MT1J9xR31rMCujbKyWd7ziQXuw=
14,22,W0HH9KHjfCwpudQAM7qAQ5C9omU=,mooVs1ullga5u5AiYnNRcz6CFro=
14,23,W0HH9KHjfCwpudQAM7qAQ5C9omU=,mooVs1ullga5u5AiYnNRcz6CFro=
14,20,W0HH9KHjfCwpudQAM7qAQ5C9omU=,YcS2/lCPLG9/tmQ5wNBDLa478zg=
14,21,W0HH9KHjfCwpudQAM7qAQ5C9omU=,mooVs1ullga5u5AiYnNRcz6CFro=
14,18,W0HH9KHjfCwpudQAM7qAQ5C9omU=,lA2ziiiafmPyz6W5qIbab6Jagd0=
14,19,W0HH9KHjfCwpudQAM7qAQ5C9omU=,bpS6vhEkX2cwOF47eLvMD7ngttk=
14,16,W0HH9KHjfCwpudQAM7qAQ5C9omU=,mooVs1ullga5u5AiYnNRcz6CFro=
14,17,W0HH9KHjfCwpudQAM7qAQ5C9omU=,Fj6chCpm7OKXQI5s5GNHPfCGXP4=
15,15,W0HH9KHjfCwpudQAM7qAQ5C9omU=,KbhbH1Dh1NaXEnYxthA6HCHlOsI=
15,14,W0HH9KHjfCwpudQAM7qAQ5C9omU=,nZqTbQ090c9hiPr7sX+MoM+YcAY=
15,13,W0HH9KHjfCwpudQAM7qAQ5C9omU=,Lfr3pN3i1EMPCjpvpQVZxDzCKXw=
15,12,W0HH9KHjfCwpudQAM7qAQ5C9omU=,kiG8ROLvMWqPD13Z4FCKRtYjpfM=
15,10,W0HH9KHjfCwpudQAM7qAQ5C9omU=,Nez9eR7lWkKOmBFRFbpA5eGMZII=
15,9,W0HH9KHjfCwpudQAM7qAQ5C9omU=,qpqBgJLlsVLKiZwmnUNp670guZA=
15,8,W0HH9KHjfCwpudQAM7qAQ5C9omU=,nZqTbQ090c9hiPr7sX+MoM+YcAY=
15,7,W0HH9KHjfCwpudQAM7qAQ5C9omU=,+ClJMvB8Sqp3HDhS/NFnu0ncBpA=
15,6,W0HH9KHjfCwpudQAM7qAQ5C9omU=,+ClJMvB8Sqp3HDhS/NFnu0ncBpA=
15,5,W0HH9KHjfCwpudQAM7qAQ5C9omU=,+ClJMvB8Sqp3HDhS/NFnu0ncBpA=
15,4,W0HH9KHjfCwpudQAM7qAQ5C9omU=,/bKl66573F4/N8Kz7Fmt/oPYiZk=
15,3,W0HH9KHjfCwpudQAM7qAQ5C9omU=,pRQNKZ7LuwmbJE43ikptYdpgmgE=
15,2,W0HH9KHjfCwpudQAM7qAQ5C9omU=,+ClJMvB8Sqp3HDhS/NFnu0ncBpA=
15,31,W0HH9KHjfCwpudQAM7qAQ5C9omU=,6+ryWEwjlGMPGeDT2TcNRfWUMMI=
15,30,W0HH9KHjfCwpudQAM7qAQ5C9omU=,7qSMvLtz9WPmCj0nOOTKMCHKAsI=
15,29,W0HH9KHjfCwpudQAM7qAQ5C9omU=,7qSMvLtz9WPmCj0nOOTKMCHKAsI=
15,28,W0HH9KHjfCwpudQAM7qAQ5C9omU=,7qSMvLtz9WPmCj0nOOTKMCHKAsI=
15,27,W0HH9KHjfCwpudQAM7qAQ5C9omU=,qmiEk+OTUKfDyUs4YwNYn5I1OwU=
15,26,W0HH9KHjfCwpudQAM7qAQ5C9omU=,5MT1J9xR31rMCujbKyWd7ziQXuw=
15,25,W0HH9KHjfCwpudQAM7qAQ5C9omU=,5MT1J9xR31rMCujbKyWd7ziQXuw=
15,24,W0HH9KHjfCwpudQAM7qAQ5C9omU=,5MT1J9xR31rMCujbKyWd7ziQXuw=
15,23,W0HH9KHjfCwpudQAM7qAQ5C9omU=,mooVs1ullga5u5AiYnNRcz6CFro=
15,22,W0HH9KHjfCwpudQAM7qAQ5C9omU=,mooVs1ullga5u5AiYnNRcz6CFro=
15,21,W0HH9KHjfCwpudQAM7qAQ5C9omU=,mooVs1ullga5u5AiYnNRcz6CFro=
15,20,W0HH9KHjfCwpudQAM7qAQ5C9omU=,a0T2TuqBkUPdHrsjhPGIOM8EFyk=
15,19,W0HH9KHjfCwpudQAM7qAQ5C9omU=,Fj6chCpm7OKXQI5s5GNHPfCGXP4=
15,18,W0HH9KHjfCwpudQAM7qAQ5C9omU=,mooVs1ullga5u5AiYnNRcz6CFro=
15,17,W0HH9KHjfCwpudQAM7qAQ5C9omU=,mooVs1ullga5u5AiYnNRcz6CFro=
15,16,W0HH9KHjfCwpudQAM7qAQ5C9omU=,mooVs1ullga5u5AiYnNRcz6CFro=
16,16,W0HH9KHjfCwpudQAM7qAQ5C9omU=,obTH8c2j240D4OZlsK7wKNKzfjE=
16,21,W0HH9KHjfCwpudQAM7qAQ5C9omU=,h0cx3v6QDBY5btDD5EM/rbmVndM=
16,22,W0HH9KHjfCwpudQAM7qAQ5C9omU=,Gc2EXwqXyW9hbUdVrf+ywiUzIjc=
16,23,W0HH9KHjfCwpudQAM7qAQ5C9omU=,rPqMGbNHiVeSnF16qoyqz3i4W5I=
16,24,W0HH9KHjfCwpudQAM7qAQ5C9omU=,dMURM2hfq8BEorCsaFmbmNHvuLQ=
16,25,W0HH9KHjfCwpudQAM7qAQ5C9omU=,dMURM2hfq8BEorCsaFmbmNHvuLQ=
16,26,W0HH9KHjfCwpudQAM7qAQ5C9omU=,dMURM2hfq8BEorCsaFmbmNHvuLQ=
16,27,W0HH9KHjfCwpudQAM7qAQ5C9omU=,dMURM2hfq8BEorCsaFmbmNHvuLQ=
16,28,W0HH9KHjfCwpudQAM7qAQ5C9omU=,410zZf6dUB1vCE/afc0LZnwY/n0=
16,29,W0HH9KHjfCwpudQAM7qAQ5C9omU=,Vl2Wk5UCSoDyHOCdJ0Srhbd35iU=
16,30,W0HH9KHjfCwpudQAM7qAQ5C9omU=,Vl2Wk5UCSoDyHOCdJ0Srhbd35iU=
16,31,W0HH9KHjfCwpudQAM7qAQ5C9omU=,V7DD9r612SG+7Ha5+bthpvCD/Vk=
16,2,W0HH9KHjfCwpudQAM7qAQ5C9omU=,Pbh4G1JMFoBirGPlBJ71xHTKu5E=
16,3,W0HH9KHjfCwpudQAM7qAQ5C9omU=,Pbh4G1JMFoBirGPlBJ71xHTKu5E=
16,5,W0HH9KHjfCwpudQAM7qAQ5C9omU=,Pbh4G1JMFoBirGPlBJ71xHTKu5E=
16,6,W0HH9KHjfCwpudQAM7qAQ5C9omU=,Pbh4G1JMFoBirGPlBJ71xHTKu5E=
16,7,W0HH9KHjfCwpudQAM7qAQ5C9omU=,Pbh4G1JMFoBirGPlBJ71xHTKu5E=
16,9,W0HH9KHjfCwpudQAM7qAQ5C9omU=,Pbh4G1JMFoBirGPlBJ71xHTKu5E=
16,10,W0HH9KHjfCwpudQAM7qAQ5C9omU=,Pbh4G1JMFoBirGPlBJ71xHTKu5E=
16,12,W0HH9KHjfCwpudQAM7qAQ5C9omU=,Pbh4G1JMFoBirGPlBJ71xHTKu5E=
16,13,W0HH9KHjfCwpudQAM7qAQ5C9omU=,Pbh4G1JMFoBirGPlBJ71xHTKu5E=
16,14,W0HH9KHjfCwpudQAM7qAQ5C9omU=,Pbh4G1JMFoBirGPlBJ71xHTKu5E=
16,15,W0HH9KHjfCwpudQAM7qAQ5C9omU=,Pbh4G1JMFoBirGPlBJ71xHTKu5E=
17,16,W0HH9KHjfCwpudQAM7qAQ5C9omU=,obTH8c2j240D4OZlsK7wKNKzfjE=
17,21,W0HH9KHjfCwpudQAM7qAQ5C9omU=,622tgth78zRuEytz14LgMHdUxI0=
17,20,W0HH9KHjfCwpudQAM7qAQ5C9omU=,obTH8c2j240D4OZlsK7wKNKzfjE=
17,23,W0HH9KHjfCwpudQAM7qAQ5C9omU=,jh9N1y7MZEVMh57HxGMZuSDfRYg=
17,22,W0HH9KHjfCwpudQAM7qAQ5C9omU=,MZTyyhFUmcFz7ISqF/CRRUv39yo=
17,25,W0HH9KHjfCwpudQAM7qAQ5C9omU=,dMURM2hfq8BEorCsaFmbmNHvuLQ=
17,24,W0HH9KHjfCwpudQAM7qAQ5C9omU=,dMURM2hfq8BEorCsaFmbmNHvuLQ=
17,27,W0HH9KHjfCwpudQAM7qAQ5C9omU=,410zZf6dUB1vCE/afc0LZnwY/n0=
17,26,W0HH9KHjfCwpudQAM7qAQ5C9omU=,dMURM2hfq8BEorCsaFmbmNHvuLQ=
17,29,W0HH9KHjfCwpudQAM7qAQ5C9omU=,obTH8c2j240D4OZlsK7wKNKzfjE=
17,28,W0HH9KHjfCwpudQAM7qAQ5C9omU=,iuA/9/Fdi7uLZOOym4pLhWfREVM=
17,31,W0HH9KHjfCwpudQAM7qAQ5C9omU=,ryztFIPBbm1Qie3mIS+9RdcE1iw=
17,30,W0HH9KHjfCwpudQAM7qAQ5C9omU=,obTH8c2j240D4OZlsK7wKNKzfjE=
17,13,W0HH9KHjfCwpudQAM7qAQ5C9omU=,Pbh4G1JMFoBirGPlBJ71xHTKu5E=
17,12,W0HH9KHjfCwpudQAM7qAQ5C9omU=,Pbh4G1JMFoBirGPlBJ71xHTKu5E=
17,15,W0HH9KHjfCwpudQAM7qAQ5C9omU=,Pbh4G1JMFoBirGPlBJ71xHTKu5E=
17,14,W0HH9KHjfCwpudQAM7qAQ5C9omU=,Pbh4G1JMFoBirGPlBJ71xHTKu5E=
18,18,W0HH9KHjfCwpudQAM7qAQ5C9omU=,obTH8c2j240D4OZlsK7wKNKzfjE=
18,19,W0HH9KHjfCwpudQAM7qAQ5C9omU=,obTH8c2j240D4OZlsK7wKNKzfjE=
18,16,W0HH9KHjfCwpudQAM7qAQ5C9omU=,obTH8c2j240D4OZlsK7wKNKzfjE=
18,17,W0HH9KHjfCwpudQAM7qAQ5C9omU=,obTH8c2j240D4OZlsK7wKNKzfjE=
18,22,W0HH9KHjfCwpudQAM7qAQ5C9omU=,gDJX7DHi3KeLO6OMwcKX1gwDOjs=
18,23,W0HH9KHjfCwpudQAM7qAQ5C9omU=,jh9N1y7MZEVMh57HxGMZuSDfRYg=
18,20,W0HH9KHjfCwpudQAM7qAQ5C9omU=,obTH8c2j240D4OZlsK7wKNKzfjE=
18,21,W0HH9KHjfCwpudQAM7qAQ5C9omU=,622tgth78zRuEytz14LgMHdUxI0=
18,26,W0HH9KHjfCwpudQAM7qAQ5C9omU=,Vl2Wk5UCSoDyHOCdJ0Srhbd35iU=
18,27,W0HH9KHjfCwpudQAM7qAQ5C9omU=,iuA/9/Fdi7uLZOOym4pLhWfREVM=
18,24,W0HH9KHjfCwpudQAM7qAQ5C9omU=,dMURM2hfq8BEorCsaFmbmNHvuLQ=
18,25,W0HH9KHjfCwpudQAM7qAQ5C9omU=,410zZf6dUB1vCE/afc0LZnwY/n0=
18,30,W0HH9KHjfCwpudQAM7qAQ5C9omU=,8nO2UP7fKW8mYAN3Kel9/MQ2GkE=
18,31,W0HH9KHjfCwpudQAM7qAQ5C9omU=,0OEhpeHFQrGVnqka9AqgfF9v048=
18,28,W0HH9KHjfCwpudQAM7qAQ5C9omU=,IFuUVbWy5IZDpQl7F9wH6iXkaKQ=
18,29,W0HH9KHjfCwpudQAM7qAQ5C9omU=,8nO2UP7fKW8mYAN3Kel9/MQ2GkE=
18,11,W0HH9KHjfCwpudQAM7qAQ5C9omU=,Pbh4G1JMFoBirGPlBJ71xHTKu5E=
18,15,W0HH9KHjfCwpudQAM7qAQ5C9omU=,Pbh4G1JMFoBirGPlBJ71xHTKu5E=
18,12,W0HH9KHjfCwpudQAM7qAQ5C9omU=,Pbh4G1JMFoBirGPlBJ71xHTKu5E=
18,13,W0HH9KHjfCwpudQAM7qAQ5C9omU=,Pbh4G1JMFoBirGPlBJ71xHTKu5E=
19,19,W0HH9KHjfCwpudQAM7qAQ5C9omU=,Gc2EXwqXyW9hbUdVrf+ywiUzIjc=
19,18,W0HH9KHjfCwpudQAM7qAQ5C9omU=,Gc2EXwqXyW9hbUdVrf+ywiUzIjc=
19,17,W0HH9KHjfCwpudQAM7qAQ5C9omU=,h0cx3v6QDBY5btDD5EM/rbmVndM=
19,16,W0HH9KHjfCwpudQAM7qAQ5C9omU=,obTH8c2j240D4OZlsK7wKNKzfjE=
19,23,keMCKP+ur/eH/Q70U6+AJESjQQA=,obTH8c2j240D4OZlsK7wKNKzfjE=
19,22,keMCKP+ur/eH/Q70U6+AJESjQQA=,jh9N1y7MZEVMh57HxGMZuSDfRYg=
19,21,keMCKP+ur/eH/Q70U6+AJESjQQA=,JsvpdxY13ILjl31ZFrVAyBLHNzo=
19,20,keMCKP+ur/eH/Q70U6+AJESjQQA=,Gc2EXwqXyW9hbUdVrf+ywiUzIjc=
19,27,keMCKP+ur/eH/Q70U6+AJESjQQA=,I8HTE7KXdl9G7i8yNHS8uI06HXk=
19,26,keMCKP+ur/eH/Q70U6+AJESjQQA=,IFuUVbWy5IZDpQl7F9wH6iXkaKQ=
19,25,keMCKP+ur/eH/Q70U6+AJESjQQA=,KiOEznWRLTiGJLY96+pQUpZnJC0=
19,24,keMCKP+ur/eH/Q70U6+AJESjQQA=,dMURM2hfq8BEorCsaFmbmNHvuLQ=
19,31,keMCKP+ur/eH/Q70U6+AJESjQQA=,dMURM2hfq8BEorCsaFmbmNHvuLQ=
19,30,keMCKP+ur/eH/Q70U6+AJESjQQA=,dMURM2hfq8BEorCsaFmbmNHvuLQ=
19,29,keMCKP+ur/eH/Q70U6+AJESjQQA=,dMURM2hfq8BEorCsaFmbmNHvuLQ=
19,28,keMCKP+ur/eH/Q70U6+AJESjQQA=,0OEhpeHFQrGVnqka9AqgfF9v048=
19,11,keMCKP+ur/eH/Q70U6+AJESjQQA=,Pbh4G1JMFoBirGPlBJ71xHTKu5E=
19,13,keMCKP+ur/eH/Q70U6+AJESjQQA=,Pbh4G1JMFoBirGPlBJ71xHTKu5E=
19,12,keMCKP+ur/eH/Q70U6+AJESjQQA=,Pbh4G1JMFoBirGPlBJ71xHTKu5E=
20,20,keMCKP+ur/eH/Q70U6+AJESjQQA=,Bvp/u7j2AvQLyATQl+2iSYVo6Ls=
20,21,keMCKP+ur/eH/Q70U6+AJESjQQA=,I31thFU4nEIsJ/d5Epls5699nWo=
20,22,keMCKP+ur/eH/Q70U6+AJESjQQA=,xSbPrlHKgts09zjVpS0o/Rq6yAc=
20,23,keMCKP+ur/eH/Q70U6+AJESjQQA=,rPqMGbNHiVeSnF16qoyqz3i4W5I=
20,17,keMCKP+ur/eH/Q70U6+AJESjQQA=,kX2t62yRaQE2fwr4qrP2X8UVsdA=
20,18,keMCKP+ur/eH/Q70U6+AJESjQQA=,Bvp/u7j2AvQLyATQl+2iSYVo6Ls=
20,19,keMCKP+ur/eH/Q70U6+AJESjQQA=,Bvp/u7j2AvQLyATQl+2iSYVo6Ls=
20,28,keMCKP+ur/eH/Q70U6+AJESjQQA=,0OEhpeHFQrGVnqka9AqgfF9v048=
20,30,keMCKP+ur/eH/Q70U6+AJESjQQA=,dMURM2hfq8BEorCsaFmbmNHvuLQ=
20,31,keMCKP+ur/eH/Q70U6+AJESjQQA=,dMURM2hfq8BEorCsaFmbmNHvuLQ=
20,24,keMCKP+ur/eH/Q70U6+AJESjQQA=,dMURM2hfq8BEorCsaFmbmNHvuLQ=
20,25,keMCKP+ur/eH/Q70U6+AJESjQQA=,KiOEznWRLTiGJLY96+pQUpZnJC0=
20,26,keMCKP+ur/eH/Q70U6+AJESjQQA=,IFuUVbWy5IZDpQl7F9wH6iXkaKQ=
20,27,keMCKP+ur/eH/Q70U6+AJESjQQA=,dMURM2hfq8BEorCsaFmbmNHvuLQ=
20,12,keMCKP+ur/eH/Q70U6+AJESjQQA=,Pbh4G1JMFoBirGPlBJ71xHTKu5E=
20,11,keMCKP+ur/eH/Q70U6+AJESjQQA=,Pbh4G1JMFoBirGPlBJ71xHTKu5E=
21,21,keMCKP+ur/eH/Q70U6+AJESjQQA=,kX2t62yRaQE2fwr4qrP2X8UVsdA=
21,20,keMCKP+ur/eH/Q70U6+AJESjQQA=,obTH8c2j240D4OZlsK7wKNKzfjE=
21,23,keMCKP+ur/eH/Q70U6+AJESjQQA=,H55xCcj0FnAg9kNXo5K9yPmKk1k=
21,22,keMCKP+ur/eH/Q70U6+AJESjQQA=,Bvp/u7j2AvQLyATQl+2iSYVo6Ls=
21,19,keMCKP+ur/eH/Q70U6+AJESjQQA=,obTH8c2j240D4OZlsK7wKNKzfjE=
21,18,keMCKP+ur/eH/Q70U6+AJESjQQA=,obTH8c2j240D4OZlsK7wKNKzfjE=
21,31,keMCKP+ur/eH/Q70U6+AJESjQQA=,dMURM2hfq8BEorCsaFmbmNHvuLQ=
21,30,keMCKP+ur/eH/Q70U6+AJESjQQA=,dMURM2hfq8BEorCsaFmbmNHvuLQ=
21,25,keMCKP+ur/eH/Q70U6+AJESjQQA=,k/O5XjNdpkJVNKbtRK1ZtIWch0w=
21,24,keMCKP+ur/eH/Q70U6+AJESjQQA=,dMURM2hfq8BEorCsaFmbmNHvuLQ=
21,27,keMCKP+ur/eH/Q70U6+AJESjQQA=,dMURM2hfq8BEorCsaFmbmNHvuLQ=
21,26,keMCKP+ur/eH/Q70U6+AJESjQQA=,0OEhpeHFQrGVnqka9AqgfF9v048=
21,1,keMCKP+ur/eH/Q70U6+AJESjQQA=,Pbh4G1JMFoBirGPlBJ71xHTKu5E=
21,2,keMCKP+ur/eH/Q70U6+AJESjQQA=,Pbh4G1JMFoBirGPlBJ71xHTKu5E=
22,22,keMCKP+ur/eH/Q70U6+AJESjQQA=,obTH8c2j240D4OZlsK7wKNKzfjE=
22,23,keMCKP+ur/eH/Q70U6+AJESjQQA=,obTH8c2j240D4OZlsK7wKNKzfjE=
22,20,keMCKP+ur/eH/Q70U6+AJESjQQA=,obTH8c2j240D4OZlsK7wKNKzfjE=
22,21,keMCKP+ur/eH/Q70U6+AJESjQQA=,obTH8c2j240D4OZlsK7wKNKzfjE=
22,18,keMCKP+ur/eH/Q70U6+AJESjQQA=,obTH8c2j240D4OZlsK7wKNKzfjE=
22,17,keMCKP+ur/eH/Q70U6+AJESjQQA=,obTH8c2j240D4OZlsK7wKNKzfjE=
22,31,keMCKP+ur/eH/Q70U6+AJESjQQA=,dMURM2hfq8BEorCsaFmbmNHvuLQ=
22,24,keMCKP+ur/eH/Q70U6+AJESjQQA=,dMURM2hfq8BEorCsaFmbmNHvuLQ=
22,25,keMCKP+ur/eH/Q70U6+AJESjQQA=,dMURM2hfq8BEorCsaFmbmNHvuLQ=
23,23,keMCKP+ur/eH/Q70U6+AJESjQQA=,obTH8c2j240D4OZlsK7wKNKzfjE=
23,22,keMCKP+ur/eH/Q70U6+AJESjQQA=,obTH8c2j240D4OZlsK7wKNKzfjE=
23,21,keMCKP+ur/eH/Q70U6+AJESjQQA=,obTH8c2j240D4OZlsK7wKNKzfjE=
23,20,keMCKP+ur/eH/Q70U6+AJESjQQA=,obTH8c2j240D4OZlsK7wKNKzfjE=
23,18,keMCKP+ur/eH/Q70U6+AJESjQQA=,obTH8c2j240D4OZlsK7wKNKzfjE=
23,17,keMCKP+ur/eH/Q70U6+AJESjQQA=,obTH8c2j240D4OZlsK7wKNKzfjE=
23,31,keMCKP+ur/eH/Q70U6+AJESjQQA=,dMURM2hfq8BEorCsaFmbmNHvuLQ=
23,25,keMCKP+ur/eH/Q70U6+AJESjQQA=,dMURM2hfq8BEorCsaFmbmNHvuLQ=
23,24,keMCKP+ur/eH/Q70U6+AJESjQQA=,dMURM2hfq8BEorCsaFmbmNHvuLQ=
24,24,keMCKP+ur/eH/Q70U6+AJESjQQA=,bgeiU8GA+iCeTrQBw9QSJZSCjew=
24,25,keMCKP+ur/eH/Q70U6+AJESjQQA=,bgeiU8GA+iCeTrQBw9QSJZSCjew=
24,26,keMCKP+ur/eH/Q70U6+AJESjQQA=,bgeiU8GA+iCeTrQBw9QSJZSCjew=
24,17,mmzpq4pB+C3J0smAb3J4Y0sV9TY=,bgeiU8GA+iCeTrQBw9QSJZSCjew=
24,18,mmzpq4pB+C3J0smAb3J4Y0sV9TY=,bgeiU8GA+iCeTrQBw9QSJZSCjew=
24,19,mmzpq4pB+C3J0smAb3J4Y0sV9TY=,bgeiU8GA+iCeTrQBw9QSJZSCjew=
24,20,mmzpq4pB+C3J0smAb3J4Y0sV9TY=,bgeiU8GA+iCeTrQBw9QSJZSCjew=
24,21,mmzpq4pB+C3J0smAb3J4Y0sV9TY=,bgeiU8GA+iCeTrQBw9QSJZSCjew=
24,22,mmzpq4pB+C3J0smAb3J4Y0sV9TY=,bgeiU8GA+iCeTrQBw9QSJZSCjew=
24,23,mmzpq4pB+C3J0smAb3J4Y0sV9TY=,bgeiU8GA+iCeTrQBw9QSJZSCjew=
25,25,mmzpq4pB+C3J0smAb3J4Y0sV9TY=,bgeiU8GA+iCeTrQBw9QSJZSCjew=
25,24,mmzpq4pB+C3J0smAb3J4Y0sV9TY=,bgeiU8GA+iCeTrQBw9QSJZSCjew=
25,26,mmzpq4pB+C3J0smAb3J4Y0sV9TY=,bgeiU8GA+iCeTrQBw9QSJZSCjew=
25,17,mmzpq4pB+C3J0smAb3J4Y0sV9TY=,bgeiU8GA+iCeTrQBw9QSJZSCjew=
25,19,mmzpq4pB+C3J0smAb3J4Y0sV9TY=,bgeiU8GA+iCeTrQBw9QSJZSCjew=
25,18,mmzpq4pB+C3J0smAb3J4Y0sV9TY=,bgeiU8GA+iCeTrQBw9QSJZSCjew=
25,21,mmzpq4pB+C3J0smAb3J4Y0sV9TY=,bgeiU8GA+iCeTrQBw9QSJZSCjew=
25,20,mmzpq4pB+C3J0smAb3J4Y0sV9TY=,bgeiU8GA+iCeTrQBw9QSJZSCjew=
25,23,mmzpq4pB+C3J0smAb3J4Y0sV9TY=,bgeiU8GA+iCeTrQBw9QSJZSCjew=
25,22,mmzpq4pB+C3J0smAb3J4Y0sV9TY=,bgeiU8GA+iCeTrQBw9QSJZSCjew=
26,26,mmzpq4pB+C3J0smAb3J4Y0sV9TY=,bgeiU8GA+iCeTrQBw9QSJZSCjew=
26,29,mmzpq4pB+C3J0smAb3J4Y0sV9TY=,bgeiU8GA+iCeTrQBw9QSJZSCjew=
26,18,mmzpq4pB+C3J0smAb3J4Y0sV9TY=,bgeiU8GA+iCeTrQBw9QSJZSCjew=
26,19,mmzpq4pB+C3J0smAb3J4Y0sV9TY=,bgeiU8GA+iCeTrQBw9QSJZSCjew=
26,17,mmzpq4pB+C3J0smAb3J4Y0sV9TY=,bgeiU8GA+iCeTrQBw9QSJZSCjew=
26,20,mmzpq4pB+C3J0smAb3J4Y0sV9TY=,bgeiU8GA+iCeTrQBw9QSJZSCjew=
26,21,mmzpq4pB+C3J0smAb3J4Y0sV9TY=,bgeiU8GA+iCeTrQBw9QSJZSCjew=
27,27,mmzpq4pB+C3J0smAb3J4Y0sV9TY=,bgeiU8GA+iCeTrQBw9QSJZSCjew=
27,26,mmzpq4pB+C3J0smAb3J4Y0sV9TY=,bgeiU8GA+iCeTrQBw9QSJZSCjew=
27,30,mmzpq4pB+C3J0smAb3J4Y0sV9TY=,bgeiU8GA+iCeTrQBw9QSJZSCjew=
27,29,mmzpq4pB+C3J0smAb3J4Y0sV9TY=,bgeiU8GA+iCeTrQBw9QSJZSCjew=
27,28,mmzpq4pB+C3J0smAb3J4Y0sV9TY=,bgeiU8GA+iCeTrQBw9QSJZSCjew=
27,19,mmzpq4pB+C3J0smAb3J4Y0sV9TY=,bgeiU8GA+iCeTrQBw9QSJZSCjew=
27,18,mmzpq4pB+C3J0smAb3J4Y0sV9TY=,bgeiU8GA+iCeTrQBw9QSJZSCjew=
27,17,mmzpq4pB+C3J0smAb3J4Y0sV9TY=,bgeiU8GA+iCeTrQBw9QSJZSCjew=
27,21,mmzpq4pB+C3J0smAb3J4Y0sV9TY=,bgeiU8GA+iCeTrQBw9QSJZSCjew=
27,20,mmzpq4pB+C3J0smAb3J4Y0sV9TY=,bgeiU8GA+iCeTrQBw9QSJZSCjew=
28,28,mmzpq4pB+C3J0smAb3J4Y0sV9TY=,bgeiU8GA+iCeTrQBw9QSJZSCjew=
28,29,mmzpq4pB+C3J0smAb3J4Y0sV9TY=,bgeiU8GA+iCeTrQBw9QSJZSCjew=
28,30,mmzpq4pB+C3J0smAb3J4Y0sV9TY=,bgeiU8GA+iCeTrQBw9QSJZSCjew=
28,31,mmzpq4pB+C3J0smAb3J4Y0sV9TY=,bgeiU8GA+iCeTrQBw9QSJZSCjew=
28,20,mmzpq4pB+C3J0smAb3J4Y0sV9TY=,bgeiU8GA+iCeTrQBw9QSJZSCjew=
28,21,mmzpq4pB+C3J0smAb3J4Y0sV9TY=,bgeiU8GA+iCeTrQBw9QSJZSCjew=
28,17,mmzpq4pB+C3J0smAb3J4Y0sV9TY=,bgeiU8GA+iCeTrQBw9QSJZSCjew=
28,18,mmzpq4pB+C3J0smAb3J4Y0sV9TY=,bgeiU8GA+iCeTrQBw9QSJZSCjew=
29,29,mmzpq4pB+C3J0smAb3J4Y0sV9TY=,bgeiU8GA+iCeTrQBw9QSJZSCjew=
29,31,mmzpq4pB+C3J0smAb3J4Y0sV9TY=,bgeiU8GA+iCeTrQBw9QSJZSCjew=
29,30,mmzpq4pB+C3J0smAb3J4Y0sV9TY=,bgeiU8GA+iCeTrQBw9QSJZSCjew=
29,17,nUKOOEJzcdVPvUX2xNpbztCwJQU=,bgeiU8GA+iCeTrQBw9QSJZSCjew=
29,18,nUKOOEJzcdVPvUX2xNpbztCwJQU=,bgeiU8GA+iCeTrQBw9QSJZSCjew=
30,31,nUKOOEJzcdVPvUX2xNpbztCwJQU=,bgeiU8GA+iCeTrQBw9QSJZSCjew=
30,27,nUKOOEJzcdVPvUX2xNpbztCwJQU=,bgeiU8GA+iCeTrQBw9QSJZSCjew=
30,18,nUKOOEJzcdVPvUX2xNpbztCwJQU=,bgeiU8GA+iCeTrQBw9QSJZSCjew=
30,17,nUKOOEJzcdVPvUX2xNpbztCwJQU=,bgeiU8GA+iCeTrQBw9QSJZSCjew=
31,27,nUKOOEJzcdVPvUX2xNpbztCwJQU=,bgeiU8GA+iCeTrQBw9QSJZSCjew=
31,19,nUKOOEJzcdVPvUX2xNpbztCwJQU=,bgeiU8GA+iCeTrQBw9QSJZSCjew=
31,18,nUKOOEJzcdVPvUX2xNpbztCwJQU=,bgeiU8GA+iCeTrQBw9QSJZSCjew=
